,season,team,total-distance,Unnamed: 0,year,final_w,final_l,final_t,playoffs
0,1970,ARZ,5239.513775117966,128,1970,8,6,0,n
1,1970,ATL,7881.2201918106475,129,1970,4,10,0,n
2,1970,BAL,0,130,1970,0,0,0,n
3,1970,BUF,2813.0387632641655,131,1970,3,11,0,n
4,1970,CAR,0,132,1970,0,0,0,n
5,1970,CHI,3539.248986892659,133,1970,6,8,0,n
6,1970,CIN,4708.726406892966,134,1970,8,7,0,y
7,1970,CLE,8026.7927158500825,135,1970,7,7,0,n
8,1970,DAL,9447.425707353988,136,1970,12,5,0,y
9,1970,DEN,6613.527557558935,137,1970,5,9,0,n
10,1970,DET,5441.5175782562565,138,1970,10,5,0,y
11,1970,GBP,5725.122697589296,139,1970,6,8,0,n
12,1970,HOU,0,140,1970,0,0,0,n
13,1970,IND,6017.525536110676,141,1970,15,2,0,y
14,1970,JAX,0,142,1970,0,0,0,n
15,1970,KCC,6027.336127290142,143,1970,8,6,0,n
16,1970,LAC,9078.90699691972,144,1970,8,6,0,n
17,1970,LAR,11943.187166637088,145,1970,10,4,0,n
18,1970,LVR,14579.950723094957,146,1970,10,6,0,y
19,1970,MIA,9626.296467805361,147,1970,10,5,0,y
20,1970,MIN,5096.22939092848,148,1970,12,3,0,y
21,1970,NYG,3954.724431446395,149,1970,9,5,0,n
22,1970,NYJ,4980.7334010030745,150,1970,4,10,0,n
23,1970,NEP,5262.996483522062,151,1970,2,12,0,n
24,1970,NOS,7023.920358517546,152,1970,2,12,0,n
25,1970,PHL,3832.0064949633665,153,1970,4,10,0,n
26,1970,PIT,5820.541419170982,154,1970,5,9,0,n
27,1970,SFF,11560.625419012236,155,1970,12,4,0,y
28,1970,SEA,0,156,1970,0,0,0,n
29,1970,TBB,0,157,1970,0,0,0,n
30,1970,TEN,6037.251602337493,158,1970,3,11,0,n
31,1970,WSH,8594.753142042999,159,1970,6,8,0,n
32,1971,ARZ,5686.0939034145285,160,1971,4,10,0,n
33,1971,ATL,6939.107198747632,161,1971,7,7,0,n
34,1971,BAL,0,162,1971,0,0,0,n
35,1971,BUF,5954.037032123845,163,1971,1,13,0,n
36,1971,CAR,0,164,1971,0,0,0,n
37,1971,CHI,6418.059288302955,165,1971,6,8,0,n
38,1971,CIN,5459.830298726593,166,1971,4,10,0,n
39,1971,CLE,3668.500990558152,167,1971,9,6,0,y
40,1971,DAL,7746.827717520946,168,1971,14,3,0,y
41,1971,DEN,7296.697444537471,169,1971,4,10,0,n
42,1971,DET,5975.828660562216,170,1971,7,7,0,n
43,1971,GBP,5027.680258563643,171,1971,6,8,0,n
44,1971,HOU,0,172,1971,0,0,0,n
45,1971,IND,5478.684540870989,173,1971,11,5,0,y
46,1971,JAX,0,174,1971,0,0,0,n
47,1971,KCC,7256.136504971865,175,1971,10,5,0,y
48,1971,LAC,10357.23238560091,176,1971,6,8,0,n
49,1971,LAR,11632.766797337239,177,1971,9,5,0,n
50,1971,LVR,11769.983751677153,178,1971,10,4,0,n
51,1971,MIA,11857.400079281218,179,1971,13,4,0,y
52,1971,MIN,5687.049363782175,180,1971,11,4,0,y
53,1971,NYG,4452.428186733653,181,1971,4,10,0,n
54,1971,NYJ,6475.633351986238,182,1971,6,8,0,n
55,1971,NEP,7036.577760613492,183,1971,6,8,0,n
56,1971,NOS,7120.494290467761,184,1971,4,10,0,n
57,1971,PHL,5802.237603281238,185,1971,6,8,0,n
58,1971,PIT,3901.7703046632,186,1971,6,8,0,n
59,1971,SFF,14276.037921426383,187,1971,10,6,0,y
60,1971,SEA,0,188,1971,0,0,0,n
61,1971,TBB,0,189,1971,0,0,0,n
62,1971,TEN,8890.262394257574,190,1971,5,9,0,n
63,1971,WSH,8559.046161098462,191,1971,10,5,0,y
64,1972,ARZ,5225.064900756819,192,1972,4,10,0,n
65,1972,ATL,7383.402478954611,193,1972,7,7,0,n
66,1972,BAL,0,194,1972,0,0,0,n
67,1972,BUF,4939.6672900016465,195,1972,4,10,0,n
68,1972,CAR,0,196,1972,0,0,0,n
69,1972,CHI,3829.2619251483425,197,1972,4,10,0,n
70,1972,CIN,4819.186127579982,198,1972,8,6,0,n
71,1972,CLE,6522.690645062716,199,1972,10,5,0,y
72,1972,DAL,9217.403654180698,200,1972,11,5,0,y
73,1972,DEN,7092.541907772089,201,1972,5,9,0,n
74,1972,DET,4850.40130079728,202,1972,9,5,0,n
75,1972,GBP,3889.6046752287766,203,1972,10,5,0,y
76,1972,HOU,0,204,1972,0,0,0,n
77,1972,IND,5634.893064382309,205,1972,5,9,0,n
78,1972,JAX,0,206,1972,0,0,0,n
79,1972,KCC,6204.1980580032505,207,1972,8,6,0,n
80,1972,LAC,9597.363838492725,208,1972,5,9,0,n
81,1972,LAR,10029.398500720445,209,1972,7,7,0,n
82,1972,LVR,10629.375781266093,210,1972,10,5,0,y
83,1972,MIA,8251.193261443252,211,1972,17,0,0,y
84,1972,MIN,5645.319020386738,212,1972,7,7,0,n
85,1972,NYG,6253.125918334468,213,1972,8,6,0,n
86,1972,NYJ,6256.181325374264,214,1972,7,7,0,n
87,1972,NEP,5825.709447896703,215,1972,3,11,0,n
88,1972,NOS,7154.568560548388,216,1972,2,12,0,n
89,1972,PHL,5793.001698134653,217,1972,3,11,0,n
90,1972,PIT,5406.471340318271,218,1972,12,4,0,y
91,1972,SFF,11842.346146634809,219,1972,9,6,0,y
92,1972,SEA,0,220,1972,0,0,0,n
93,1972,TBB,0,221,1972,0,0,0,n
94,1972,TEN,6970.6190159859525,222,1972,1,13,0,n
95,1972,WSH,4493.826095586982,223,1972,13,4,0,y
96,1973,ARZ,4175.262604991459,224,1973,4,10,0,n
97,1973,ATL,8423.861833155388,225,1973,9,5,0,n
98,1973,BAL,0,226,1973,0,0,0,n
99,1973,BUF,6159.34637479391,227,1973,9,5,0,n
100,1973,CAR,0,228,1973,0,0,0,n
101,1973,CHI,3475.5408364357813,229,1973,3,11,0,n
102,1973,CIN,6467.76147686116,230,1973,10,5,0,y
103,1973,CLE,6952.818253575173,231,1973,7,7,0,n
104,1973,DAL,7111.43382173186,232,1973,11,5,0,y
105,1973,DEN,6904.860343276316,233,1973,8,6,0,n
106,1973,DET,3762.0523873693282,234,1973,6,8,0,n
107,1973,GBP,5957.134322581127,235,1973,6,8,0,n
108,1973,HOU,0,236,1973,0,0,0,n
109,1973,IND,2534.4433716078065,237,1973,4,10,0,n
110,1973,JAX,0,238,1973,0,0,0,n
111,1973,KCC,6513.6411648490575,239,1973,9,5,0,n
112,1973,LAC,11628.79051209584,240,1973,3,11,0,n
113,1973,LAR,11222.022487166956,241,1973,12,3,0,y
114,1973,LVR,12861.975108382809,242,1973,11,5,0,y
115,1973,MIA,9264.385969849214,243,1973,15,2,0,y
116,1973,MIN,7579.095368970511,244,1973,14,3,0,y
117,1973,NYG,8043.799319725527,245,1973,2,12,0,n
118,1973,NYJ,3542.8872284567396,246,1973,4,10,0,n
119,1973,NEP,4963.663659799341,247,1973,5,9,0,n
120,1973,NOS,8056.874620916758,248,1973,5,9,0,n
121,1973,PHL,6111.308760160921,249,1973,6,8,0,n
122,1973,PIT,7003.27236221216,250,1973,10,5,0,y
123,1973,SFF,12460.077357235365,251,1973,5,9,0,n
124,1973,SEA,0,252,1973,0,0,0,n
125,1973,TBB,0,253,1973,0,0,0,n
126,1973,TEN,7408.93938846009,254,1973,1,13,0,n
127,1973,WSH,4754.158948725244,255,1973,10,5,0,y
128,1974,ARZ,6444.810244046076,256,1974,10,5,0,y
129,1974,ATL,7299.280941317115,257,1974,3,11,0,n
130,1974,BAL,0,258,1974,0,0,0,n
131,1974,BUF,5231.105850826846,259,1974,9,6,0,y
132,1974,CAR,0,260,1974,0,0,0,n
133,1974,CHI,4155.942756272173,261,1974,4,10,0,n
134,1974,CIN,6804.075166933097,262,1974,7,7,0,n
135,1974,CLE,5530.887852640097,263,1974,4,10,0,n
136,1974,DAL,6868.510749240921,264,1974,8,6,0,n
137,1974,DEN,7633.167169476169,265,1974,7,6,1,n
138,1974,DET,5779.324624241773,266,1974,7,7,0,n
139,1974,GBP,4750.970327149834,267,1974,6,8,0,n
140,1974,HOU,0,268,1974,0,0,0,n
141,1974,IND,2658.5914899425384,269,1974,2,12,0,n
142,1974,JAX,0,270,1974,0,0,0,n
143,1974,KCC,6049.1238969272745,271,1974,5,9,0,n
144,1974,LAC,10007.254400655649,272,1974,5,9,0,n
145,1974,LAR,13198.790205904268,273,1974,11,5,0,y
146,1974,LVR,9596.282717168411,274,1974,13,3,0,y
147,1974,MIA,10924.6679714915,275,1974,11,4,0,y
148,1974,MIN,4342.876833203255,276,1974,12,5,0,y
149,1974,NYG,4928.971428013012,277,1974,2,12,0,n
150,1974,NYJ,3598.530027621546,278,1974,7,7,0,n
151,1974,NEP,6025.617898871013,279,1974,7,7,0,n
152,1974,NOS,7869.746738204919,280,1974,5,9,0,n
153,1974,PHL,6056.743791410377,281,1974,7,7,0,n
154,1974,PIT,7940.288079388308,282,1974,13,3,1,y
155,1974,SFF,11937.586002851789,283,1974,6,8,0,n
156,1974,SEA,0,284,1974,0,0,0,n
157,1974,TBB,0,285,1974,0,0,0,n
158,1974,TEN,7788.332915527111,286,1974,7,7,0,n
159,1974,WSH,5658.933290416449,287,1974,10,5,0,y
160,1975,ARZ,5260.77645346968,288,1975,11,4,0,y
161,1975,ATL,8804.983498808417,289,1975,4,10,0,n
162,1975,BAL,0,290,1975,0,0,0,n
163,1975,BUF,3424.1631503713975,291,1975,8,6,0,n
164,1975,CAR,0,292,1975,0,0,0,n
165,1975,CHI,5581.891582158467,293,1975,4,10,0,n
166,1975,CIN,6039.932475921762,294,1975,11,4,0,y
167,1975,CLE,5194.766359265194,295,1975,3,11,0,n
168,1975,DAL,9068.163557140533,296,1975,12,5,0,y
169,1975,DEN,7900.042178182536,297,1975,6,8,0,n
170,1975,DET,5443.685521308874,298,1975,7,7,0,n
171,1975,GBP,5323.103276309179,299,1975,4,10,0,n
172,1975,HOU,0,300,1975,0,0,0,n
173,1975,IND,4942.349598371902,301,1975,10,5,0,y
174,1975,JAX,0,302,1975,0,0,0,n
175,1975,KCC,6248.801990354376,303,1975,5,9,0,n
176,1975,LAC,9783.145973966679,304,1975,2,12,0,n
177,1975,LAR,9678.442172151093,305,1975,13,3,0,y
178,1975,LVR,14618.284624349748,306,1975,12,4,0,y
179,1975,MIA,7999.4611226735715,307,1975,10,4,0,n
180,1975,MIN,4441.265382726817,308,1975,12,3,0,y
181,1975,NYG,6227.152454235345,309,1975,5,9,0,n
182,1975,NYJ,6326.350503249734,310,1975,3,11,0,n
183,1975,NEP,6594.44936331993,311,1975,3,11,0,n
184,1975,NOS,8978.72166048045,312,1975,2,12,0,n
185,1975,PHL,5579.4864942398945,313,1975,4,10,0,n
186,1975,PIT,7625.785649934296,314,1975,15,2,0,y
187,1975,SFF,12700.03858939963,315,1975,5,9,0,n
188,1975,SEA,0,316,1975,0,0,0,n
189,1975,TBB,0,317,1975,0,0,0,n
190,1975,TEN,8690.356114378905,318,1975,10,4,0,n
191,1975,WSH,4319.996059897035,319,1975,8,6,0,n
192,1976,ARZ,7829.026145125079,320,1976,10,4,0,n
193,1976,ATL,8587.892085607564,321,1976,4,10,0,n
194,1976,BAL,0,322,1976,0,0,0,n
195,1976,BUF,4660.5945970541,323,1976,2,12,0,n
196,1976,CAR,0,324,1976,0,0,0,n
197,1976,CHI,6855.077464429545,325,1976,7,7,0,n
198,1976,CIN,4944.456338021758,326,1976,10,4,0,n
199,1976,CLE,4809.63996290361,327,1976,9,5,0,n
200,1976,DAL,7272.081239973774,328,1976,11,4,0,y
201,1976,DEN,6937.140885251958,329,1976,9,5,0,n
202,1976,DET,4809.674225587682,330,1976,6,8,0,n
203,1976,GBP,4140.258925548353,331,1976,5,9,0,n
204,1976,HOU,0,332,1976,0,0,0,n
205,1976,IND,6031.193873047364,333,1976,11,4,0,y
206,1976,JAX,0,334,1976,0,0,0,n
207,1976,KCC,7473.470997540068,335,1976,5,9,0,n
208,1976,LAC,11048.283816696925,336,1976,6,8,0,n
209,1976,LAR,12944.964996159724,337,1976,11,4,1,y
210,1976,LVR,13152.811745430598,338,1976,16,1,0,y
211,1976,MIA,6783.400813908135,339,1976,6,8,0,n
212,1976,MIN,6224.195006448424,340,1976,13,3,1,y
213,1976,NYG,7696.024492923998,341,1976,3,11,0,n
214,1976,NYJ,6375.400989343874,342,1976,3,11,0,n
215,1976,NEP,7214.814267513608,343,1976,11,4,0,y
216,1976,NOS,9154.702489875806,344,1976,4,10,0,n
217,1976,PHL,4093.352929551232,345,1976,4,10,0,n
218,1976,PIT,5781.158709024053,346,1976,11,5,0,y
219,1976,SFF,9083.171274555194,347,1976,8,6,0,n
220,1976,SEA,13637.396609732312,348,1976,2,12,0,n
221,1976,TBB,8170.671437235793,349,1976,0,14,0,n
222,1976,TEN,7281.94314841364,350,1976,5,9,0,n
223,1976,WSH,6229.258678818036,351,1976,10,5,0,y
224,1977,ARZ,5057.380681983168,352,1977,7,7,0,n
225,1977,ATL,6781.136876241422,353,1977,7,7,0,n
226,1977,BAL,0,354,1977,0,0,0,n
227,1977,BUF,7933.222524994985,355,1977,3,11,0,n
228,1977,CAR,0,356,1977,0,0,0,n
229,1977,CHI,4491.664305493262,357,1977,9,6,0,y
230,1977,CIN,4779.793489178206,358,1977,8,6,0,n
231,1977,CLE,6090.885892532999,359,1977,6,8,0,n
232,1977,DAL,7817.041889819011,360,1977,15,2,0,y
233,1977,DEN,5960.075554714481,361,1977,14,3,0,y
234,1977,DET,5118.03654833333,362,1977,6,8,0,n
235,1977,GBP,4084.119449810572,363,1977,4,10,0,n
236,1977,HOU,0,364,1977,0,0,0,n
237,1977,IND,6573.952957303049,365,1977,10,5,0,y
238,1977,JAX,0,366,1977,0,0,0,n
239,1977,KCC,6374.267812265691,367,1977,2,12,0,n
240,1977,LAC,9505.121447410538,368,1977,7,7,0,n
241,1977,LAR,11829.17236283119,369,1977,10,5,0,y
242,1977,LVR,12639.639753799864,370,1977,12,4,0,y
243,1977,MIA,9087.692497227985,371,1977,10,4,0,n
244,1977,MIN,7292.830388293793,372,1977,10,6,0,y
245,1977,NYG,4944.244272668593,373,1977,5,9,0,n
246,1977,NYJ,4464.467369815341,374,1977,3,11,0,n
247,1977,NEP,6304.570543800018,375,1977,9,5,0,n
248,1977,NOS,7460.5301597925745,376,1977,3,11,0,n
249,1977,PHL,5465.69291730669,377,1977,5,9,0,n
250,1977,PIT,5434.450244251272,378,1977,9,6,0,y
251,1977,SFF,12644.819302040425,379,1977,5,9,0,n
252,1977,SEA,13882.213136923785,380,1977,5,9,0,n
253,1977,TBB,10389.633445611738,381,1977,2,12,0,n
254,1977,TEN,8710.953505824102,382,1977,8,6,0,n
255,1977,WSH,3383.9084696855457,383,1977,9,5,0,n
256,1978,ARZ,6032.410499413917,384,1978,6,10,0,n
257,1978,ATL,7637.105365787171,385,1978,10,8,0,y
258,1978,BAL,0,386,1978,0,0,0,n
259,1978,BUF,5565.077385865972,387,1978,5,11,0,n
260,1978,CAR,0,388,1978,0,0,0,n
261,1978,CHI,6822.998174035536,389,1978,7,9,0,n
262,1978,CIN,8523.094917256189,390,1978,4,12,0,n
263,1978,CLE,5933.792004638046,391,1978,8,8,0,n
264,1978,DAL,7721.177716973369,392,1978,14,5,0,y
265,1978,DEN,9151.392013113269,393,1978,10,7,0,y
266,1978,DET,7062.159867252423,394,1978,7,9,0,n
267,1978,GBP,7054.247313037912,395,1978,8,7,1,n
268,1978,HOU,0,396,1978,0,0,0,n
269,1978,IND,6281.191754126398,397,1978,5,11,0,n
270,1978,JAX,0,398,1978,0,0,0,n
271,1978,KCC,8134.010636344577,399,1978,4,12,0,n
272,1978,LAC,11071.417040807113,400,1978,9,7,0,n
273,1978,LAR,13802.695783286315,401,1978,13,5,0,y
274,1978,LVR,11828.41289807536,402,1978,9,7,0,n
275,1978,MIA,9641.104081917536,403,1978,11,6,0,y
276,1978,MIN,8824.473382190756,404,1978,8,8,1,y
277,1978,NYG,5833.859774304558,405,1978,6,10,0,n
278,1978,NYJ,4106.014280480366,406,1978,8,8,0,n
279,1978,NEP,8262.00843628611,407,1978,11,6,0,y
280,1978,NOS,7565.933031438104,408,1978,7,9,0,n
281,1978,PHL,5436.082307935121,409,1978,9,8,0,y
282,1978,PIT,8761.072102491891,410,1978,17,2,0,y
283,1978,SFF,15297.563901934902,411,1978,2,14,0,n
284,1978,SEA,12138.407745936234,412,1978,9,7,0,n
285,1978,TBB,11088.947866534585,413,1978,5,11,0,n
286,1978,TEN,8994.753036689497,414,1978,12,7,0,y
287,1978,WSH,3625.812656663304,415,1978,8,8,0,n
288,1979,ARZ,5816.080136306376,416,1979,5,11,0,n
289,1979,ATL,10553.82743899907,417,1979,6,10,0,n
290,1979,BAL,0,418,1979,0,0,0,n
291,1979,BUF,5511.515313964266,419,1979,7,9,0,n
292,1979,CAR,0,420,1979,0,0,0,n
293,1979,CHI,6749.820530144874,421,1979,10,7,0,y
294,1979,CIN,4495.391704088664,422,1979,4,12,0,n
295,1979,CLE,5547.130905417579,423,1979,9,7,0,n
296,1979,DAL,8838.111643076218,424,1979,11,6,0,y
297,1979,DEN,9065.14229469669,425,1979,10,7,0,y
298,1979,DET,4545.689922232105,426,1979,2,14,0,n
299,1979,GBP,5202.5320390197285,427,1979,5,11,0,n
300,1979,HOU,0,428,1979,0,0,0,n
301,1979,IND,3272.5936186432336,429,1979,5,11,0,n
302,1979,JAX,0,430,1979,0,0,0,n
303,1979,KCC,8064.425748847449,431,1979,7,9,0,n
304,1979,LAC,9843.721136766455,432,1979,12,5,0,y
305,1979,LAR,13043.194147803295,433,1979,11,8,0,y
306,1979,LVR,10015.084608208424,434,1979,9,7,0,n
307,1979,MIA,11802.269117363589,435,1979,10,7,0,y
308,1979,MIN,6548.883027731489,436,1979,7,9,0,n
309,1979,NYG,8357.289018349671,437,1979,6,10,0,n
310,1979,NYJ,7100.692314241266,438,1979,8,8,0,n
311,1979,NEP,6453.042495535558,439,1979,9,7,0,n
312,1979,NOS,9616.547237095876,440,1979,8,8,0,n
313,1979,PHL,6914.970605861306,441,1979,12,6,0,y
314,1979,PIT,5689.807644351575,442,1979,15,4,0,y
315,1979,SFF,10747.981651802143,443,1979,2,14,0,n
316,1979,SEA,11840.173825525446,444,1979,9,7,0,n
317,1979,TBB,9131.56687929467,445,1979,11,7,0,y
318,1979,TEN,9996.873557875624,446,1979,13,6,0,y
319,1979,WSH,3711.3322322458807,447,1979,10,6,0,n
320,1980,ARZ,6487.235751852581,448,1980,5,11,0,n
321,1980,ATL,8225.24794889546,449,1980,12,5,0,y
322,1980,BAL,0,450,1980,0,0,0,n
323,1980,BUF,8166.438563533115,451,1980,11,6,0,y
324,1980,CAR,0,452,1980,0,0,0,n
325,1980,CHI,3765.452166401229,453,1980,7,9,0,n
326,1980,CIN,5557.3514503964925,454,1980,6,10,0,n
327,1980,CLE,5880.0175406527815,455,1980,11,6,0,y
328,1980,DAL,9429.508285627378,456,1980,14,5,0,y
329,1980,DEN,9498.902074485151,457,1980,8,8,0,n
330,1980,DET,5674.13559244057,458,1980,9,7,0,n
331,1980,GBP,5299.388962611521,459,1980,5,10,1,n
332,1980,HOU,0,460,1980,0,0,0,n
333,1980,IND,4832.734464299473,461,1980,7,9,0,n
334,1980,JAX,0,462,1980,0,0,0,n
335,1980,KCC,7514.8599708080965,463,1980,8,8,0,n
336,1980,LAC,11261.806075448196,464,1980,12,6,0,y
337,1980,LAR,16236.86108427117,465,1980,11,6,0,y
338,1980,LVR,15336.726498047654,466,1980,15,5,0,y
339,1980,MIA,11012.789981604099,467,1980,8,8,0,n
340,1980,MIN,7024.502017968767,468,1980,9,8,0,y
341,1980,NYG,11030.044352396406,469,1980,4,12,0,n
342,1980,NYJ,7026.923224691255,470,1980,4,12,0,n
343,1980,NEP,10384.336675572586,471,1980,10,6,0,n
344,1980,NOS,8595.660711379542,472,1980,1,15,0,n
345,1980,PHL,9147.83088558876,473,1980,14,5,0,y
346,1980,PIT,5594.550819353652,474,1980,9,7,0,n
347,1980,SFF,14930.361357843258,475,1980,6,10,0,n
348,1980,SEA,12529.477707749395,476,1980,4,12,0,n
349,1980,TBB,9355.815922742551,477,1980,5,10,1,n
350,1980,TEN,9783.817486455568,478,1980,11,6,0,y
351,1980,WSH,7311.443310749903,479,1980,6,10,0,n
352,1981,ARZ,6108.245655243256,480,1981,7,9,0,n
353,1981,ATL,7606.727806195479,481,1981,7,9,0,n
354,1981,BAL,0,482,1981,0,0,0,n
355,1981,BUF,6646.730307881156,483,1981,11,7,0,y
356,1981,CAR,0,484,1981,0,0,0,n
357,1981,CHI,6640.144148398228,485,1981,6,10,0,n
358,1981,CIN,5317.833891952754,486,1981,14,5,0,y
359,1981,CLE,9060.696122643383,487,1981,5,11,0,n
360,1981,DAL,9662.668483179203,488,1981,13,5,0,y
361,1981,DEN,8189.666771724649,489,1981,10,6,0,n
362,1981,DET,7495.265838410743,490,1981,8,8,0,n
363,1981,GBP,5434.829908965522,491,1981,8,8,0,n
364,1981,HOU,0,492,1981,0,0,0,n
365,1981,IND,3706.8325185450567,493,1981,2,14,0,n
366,1981,JAX,0,494,1981,0,0,0,n
367,1981,KCC,7895.519268450208,495,1981,9,7,0,n
368,1981,LAC,15946.423462377308,496,1981,11,7,0,y
369,1981,LAR,13438.759970387897,497,1981,6,10,0,n
370,1981,LVR,11429.634700218134,498,1981,7,9,0,n
371,1981,MIA,8881.944820561734,499,1981,11,5,1,y
372,1981,MIN,5987.795418895921,500,1981,7,9,0,n
373,1981,NYG,9109.508183690808,501,1981,10,8,0,y
374,1981,NYJ,4923.95901404707,502,1981,10,6,1,y
375,1981,NEP,6076.737280874798,503,1981,2,14,0,n
376,1981,NOS,8051.779790085997,504,1981,4,12,0,n
377,1981,PHL,5691.715245329147,505,1981,10,7,0,y
378,1981,PIT,8318.66022610464,506,1981,8,8,0,n
379,1981,SFF,15033.780365614015,507,1981,16,3,0,y
380,1981,SEA,12151.02401935476,508,1981,6,10,0,n
381,1981,TBB,10249.262877458252,509,1981,9,8,0,y
382,1981,TEN,9865.721180565406,510,1981,7,9,0,n
383,1981,WSH,6382.679822739121,511,1981,8,8,0,n
384,1982,ARZ,3290.6140841490464,512,1982,5,5,0,y
385,1982,ATL,5431.158708021533,513,1982,5,5,0,y
386,1982,BAL,0,514,1982,0,0,0,n
387,1982,BUF,3116.491813847749,515,1982,4,5,0,n
388,1982,CAR,0,516,1982,0,0,0,n
389,1982,CHI,5045.486620216481,517,1982,3,6,0,n
390,1982,CIN,3944.670294454279,518,1982,7,3,0,y
391,1982,CLE,6527.773835421773,519,1982,4,6,0,y
392,1982,DAL,2840.740121888583,520,1982,8,4,0,y
393,1982,DEN,2738.701636258891,521,1982,2,7,0,n
394,1982,DET,3888.168492713541,522,1982,4,6,0,y
395,1982,GBP,3457.299527141042,523,1982,6,4,1,y
396,1982,HOU,0,524,1982,0,0,0,n
397,1982,IND,4643.246100473388,525,1982,0,8,1,n
398,1982,JAX,0,526,1982,0,0,0,n
399,1982,KCC,4228.190427371406,527,1982,3,6,0,n
400,1982,LAC,9141.968144257698,528,1982,7,4,0,y
401,1982,LAR,4050.78294734692,529,1982,2,7,0,n
402,1982,LVR,5656.155174298713,530,1982,9,2,0,y
403,1982,MIA,4690.306665808786,531,1982,10,3,0,y
404,1982,MIN,3946.3929823708277,532,1982,6,5,0,y
405,1982,NYG,1699.576585748391,533,1982,4,5,0,n
406,1982,NYJ,6965.06976981697,534,1982,8,4,0,y
407,1982,NEP,6049.027000005244,535,1982,5,5,0,y
408,1982,NOS,3619.8031533384788,536,1982,4,5,0,n
409,1982,PHL,1880.50954002321,537,1982,3,6,0,n
410,1982,PIT,4615.118796194324,538,1982,6,4,0,y
411,1982,SFF,4538.56434840292,539,1982,3,6,0,n
412,1982,SEA,5835.910369765345,540,1982,4,5,0,n
413,1982,TBB,3733.3841084802343,541,1982,5,5,0,y
414,1982,TEN,5258.713488212233,542,1982,1,8,0,n
415,1982,WSH,3755.2027453431124,543,1982,12,1,0,y
416,1983,ARZ,6272.056949016135,544,1983,8,7,1,n
417,1983,ATL,7613.623274065649,545,1983,7,9,0,n
418,1983,BAL,0,546,1983,0,0,0,n
419,1983,BUF,6362.992661586177,547,1983,8,8,0,n
420,1983,CAR,0,548,1983,0,0,0,n
421,1983,CHI,5634.34683957867,549,1983,8,8,0,n
422,1983,CIN,5289.4678772687785,550,1983,7,9,0,n
423,1983,CLE,5701.311061396676,551,1983,9,7,0,n
424,1983,DAL,9580.186771468889,552,1983,12,5,0,y
425,1983,DEN,7823.725228342128,553,1983,9,8,0,y
426,1983,DET,7816.257661735115,554,1983,9,8,0,y
427,1983,GBP,4947.335883117961,555,1983,8,8,0,n
428,1983,HOU,0,556,1983,0,0,0,n
429,1983,IND,4106.816038230615,557,1983,7,9,0,n
430,1983,JAX,0,558,1983,0,0,0,n
431,1983,KCC,8046.0206587860075,559,1983,6,10,0,n
432,1983,LAC,12037.678019770514,560,1983,6,10,0,n
433,1983,LAR,16479.588370483634,561,1983,10,8,0,y
434,1983,LVR,10951.235667809078,562,1983,15,4,0,y
435,1983,MIA,11042.54298832265,563,1983,12,5,0,y
436,1983,MIN,5257.072191196098,564,1983,8,8,0,n
437,1983,NYG,7426.600123684144,565,1983,3,12,1,n
438,1983,NYJ,8379.928986082517,566,1983,7,9,0,n
439,1983,NEP,8757.044409129787,567,1983,8,8,0,n
440,1983,NOS,8494.419418025782,568,1983,8,8,0,n
441,1983,PHL,7753.715559479355,569,1983,5,11,0,n
442,1983,PIT,6988.150223491676,570,1983,10,7,0,y
443,1983,SFF,17012.48440345407,571,1983,11,7,0,y
444,1983,SEA,13383.960035458862,572,1983,11,8,0,y
445,1983,TBB,9601.248316223498,573,1983,2,14,0,n
446,1983,TEN,8894.486940301433,574,1983,2,14,0,n
447,1983,WSH,9852.089115009268,575,1983,16,3,0,y
448,1984,ARZ,5262.043480265864,576,1984,9,7,0,n
449,1984,ATL,7269.567853909276,577,1984,4,12,0,n
450,1984,BAL,0,578,1984,0,0,0,n
451,1984,BUF,5826.266905679551,579,1984,2,14,0,n
452,1984,CAR,0,580,1984,0,0,0,n
453,1984,CHI,9657.895549314931,581,1984,11,7,0,y
454,1984,CIN,6506.823679034539,582,1984,8,8,0,n
455,1984,CLE,6946.724399842134,583,1984,5,11,0,n
456,1984,DAL,8803.406076721876,584,1984,9,7,0,n
457,1984,DEN,7842.416950487206,585,1984,13,4,0,y
458,1984,DET,6915.188808944725,586,1984,4,11,1,n
459,1984,GBP,6502.838196722239,587,1984,8,8,0,n
460,1984,HOU,0,588,1984,0,0,0,n
461,1984,IND,6974.80565101095,589,1984,4,12,0,n
462,1984,JAX,0,590,1984,0,0,0,n
463,1984,KCC,7138.79792513137,591,1984,8,8,0,n
464,1984,LAC,10522.440036953933,592,1984,7,9,0,n
465,1984,LAR,13506.73623855964,593,1984,10,7,0,y
466,1984,LVR,10743.072461622967,594,1984,11,6,0,y
467,1984,MIA,9828.872642274533,595,1984,16,3,0,y
468,1984,MIN,7205.643120385764,596,1984,3,13,0,n
469,1984,NYG,9407.557383285539,597,1984,10,8,0,y
470,1984,NYJ,6197.296667557417,598,1984,7,9,0,n
471,1984,NEP,6815.169484064562,599,1984,9,7,0,n
472,1984,NOS,7693.029559326907,600,1984,7,9,0,n
473,1984,PHL,4742.375052205486,601,1984,6,9,1,n
474,1984,PIT,9764.08721864306,602,1984,10,8,0,y
475,1984,SFF,17961.605446147412,603,1984,18,1,0,y
476,1984,SEA,14745.7251800979,604,1984,13,5,0,y
477,1984,TBB,9418.931865543564,605,1984,6,10,0,n
478,1984,TEN,8143.484603294393,606,1984,3,13,0,n
479,1984,WSH,6516.079960806967,607,1984,11,6,0,y
480,1985,ARZ,6472.717235777438,608,1985,5,11,0,n
481,1985,ATL,9387.859734965963,609,1985,4,12,0,n
482,1985,BAL,0,610,1985,0,0,0,n
483,1985,BUF,5176.865446316541,611,1985,2,14,0,n
484,1985,CAR,0,612,1985,0,0,0,n
485,1985,CHI,6331.965618614692,613,1985,18,1,0,y
486,1985,CIN,5144.684705068361,614,1985,7,9,0,n
487,1985,CLE,8000.411849558171,615,1985,8,9,0,y
488,1985,DAL,9177.720805786168,616,1985,10,7,0,y
489,1985,DEN,6737.340312301473,617,1985,11,5,0,n
490,1985,DET,3895.225784247401,618,1985,7,9,0,n
491,1985,GBP,5286.605797234971,619,1985,8,8,0,n
492,1985,HOU,0,620,1985,0,0,0,n
493,1985,IND,4741.6653382838285,621,1985,5,11,0,n
494,1985,JAX,0,622,1985,0,0,0,n
495,1985,KCC,8824.865324468317,623,1985,6,10,0,n
496,1985,LAC,10251.814997464513,624,1985,8,8,0,n
497,1985,LAR,15044.650271747423,625,1985,12,6,0,y
498,1985,LVR,9898.373911102237,626,1985,12,5,0,y
499,1985,MIA,9731.09401010919,627,1985,13,5,0,y
500,1985,MIN,6577.962472733041,628,1985,7,9,0,n
501,1985,NYG,7285.697418164345,629,1985,11,7,0,y
502,1985,NYJ,6558.601574788052,630,1985,11,6,0,y
503,1985,NEP,10377.621430112236,631,1985,14,6,0,y
504,1985,NOS,7716.702378771016,632,1985,5,11,0,n
505,1985,PHL,9290.851125398198,633,1985,7,9,0,n
506,1985,PIT,6787.65933829263,634,1985,7,9,0,n
507,1985,SFF,14043.253098621488,635,1985,10,7,0,y
508,1985,SEA,11658.652317591062,636,1985,8,8,0,n
509,1985,TBB,6182.945393908469,637,1985,2,14,0,n
510,1985,TEN,8070.760311092763,638,1985,5,11,0,n
511,1985,WSH,3917.973375833517,639,1985,10,6,0,n
512,1986,ARZ,6733.115809952265,640,1986,4,11,1,n
513,1986,ATL,7782.595227624783,641,1986,7,8,1,n
514,1986,BAL,0,642,1986,0,0,0,n
515,1986,BUF,5953.975211561821,643,1986,4,12,0,n
516,1986,CAR,0,644,1986,0,0,0,n
517,1986,CHI,4370.590771293455,645,1986,14,3,0,y
518,1986,CIN,4368.570160438951,646,1986,10,6,0,n
519,1986,CLE,4876.663110550324,647,1986,13,5,0,y
520,1986,DAL,8466.869714046965,648,1986,7,9,0,n
521,1986,DEN,8939.619047427814,649,1986,13,6,0,y
522,1986,DET,4760.949061036861,650,1986,5,11,0,n
523,1986,GBP,4538.649795068831,651,1986,4,12,0,n
524,1986,HOU,0,652,1986,0,0,0,n
525,1986,IND,8001.040158294972,653,1986,3,13,0,n
526,1986,JAX,0,654,1986,0,0,0,n
527,1986,KCC,8399.462621409888,655,1986,10,7,0,y
528,1986,LAC,11964.953228796046,656,1986,4,12,0,n
529,1986,LAR,16286.3631433778,657,1986,10,7,0,y
530,1986,LVR,10565.553238609167,658,1986,8,8,0,n
531,1986,MIA,10924.444929033247,659,1986,8,8,0,n
532,1986,MIN,6593.465979798202,660,1986,9,7,0,n
533,1986,NYG,12687.953673472855,661,1986,17,2,0,y
534,1986,NYJ,8990.59369123958,662,1986,11,7,0,y
535,1986,NEP,8885.482788971545,663,1986,11,6,0,y
536,1986,NOS,7539.003376721372,664,1986,7,9,0,n
537,1986,PHL,8454.622240119053,665,1986,5,10,1,n
538,1986,PIT,5277.615778147616,666,1986,6,10,0,n
539,1986,SFF,18926.179221515235,667,1986,10,6,1,y
540,1986,SEA,12965.740125555887,668,1986,10,6,0,n
541,1986,TBB,9042.755743858026,669,1986,2,14,0,n
542,1986,TEN,8246.086616986715,670,1986,5,11,0,n
543,1986,WSH,8269.575088564408,671,1986,14,5,0,y
544,1987,ARZ,7616.144509452775,672,1987,7,8,0,n
545,1987,ATL,7379.416857124577,673,1987,3,12,0,n
546,1987,BAL,0,674,1987,0,0,0,n
547,1987,BUF,5012.057426871714,675,1987,7,8,0,n
548,1987,CAR,0,676,1987,0,0,0,n
549,1987,CHI,6676.089425949991,677,1987,11,5,0,y
550,1987,CIN,4385.185643820771,678,1987,4,11,0,n
551,1987,CLE,10354.711100127135,679,1987,11,6,0,y
552,1987,DAL,8216.470118034542,680,1987,7,8,0,n
553,1987,DEN,6215.728169246003,681,1987,12,5,1,y
554,1987,DET,6133.479457662012,682,1987,4,11,0,n
555,1987,GBP,4626.657498621116,683,1987,5,9,1,n
556,1987,HOU,0,684,1987,0,0,0,n
557,1987,IND,5319.578148164537,685,1987,9,7,0,y
558,1987,JAX,0,686,1987,0,0,0,n
559,1987,KCC,7541.128757787936,687,1987,4,11,0,n
560,1987,LAC,10392.24579795504,688,1987,8,7,0,n
561,1987,LAR,13278.225835070818,689,1987,6,9,0,n
562,1987,LVR,9201.582319609239,690,1987,5,10,0,n
563,1987,MIA,10367.002711457026,691,1987,8,7,0,n
564,1987,MIN,9765.807510776254,692,1987,10,8,0,y
565,1987,NYG,4795.123547251267,693,1987,6,9,0,n
566,1987,NYJ,3554.9498199974105,694,1987,6,9,0,n
567,1987,NEP,6019.683091332772,695,1987,8,7,0,n
568,1987,NOS,8153.085642894866,696,1987,12,4,0,y
569,1987,PHL,3344.034606755484,697,1987,7,8,0,n
570,1987,PIT,8047.600936847217,698,1987,8,7,0,n
571,1987,SFF,15484.784076009293,699,1987,13,3,0,y
572,1987,SEA,13545.858864598598,700,1987,9,7,0,y
573,1987,TBB,8832.51089177127,701,1987,4,11,0,n
574,1987,TEN,8116.596620571796,702,1987,10,7,0,y
575,1987,WSH,7025.18522769997,703,1987,14,4,0,y
576,1988,ARZ,11817.877047965158,704,1988,7,9,0,n
577,1988,ATL,7701.4250872127,705,1988,5,11,0,n
578,1988,BAL,0,706,1988,0,0,0,n
579,1988,BUF,6383.062975373422,707,1988,13,5,0,y
580,1988,CAR,0,708,1988,0,0,0,n
581,1988,CHI,5154.180581071121,709,1988,13,5,0,y
582,1988,CIN,5873.459706036114,710,1988,14,5,0,y
583,1988,CLE,6455.68520699435,711,1988,10,7,0,y
584,1988,DAL,8089.193299823223,712,1988,3,13,0,n
585,1988,DEN,7566.916750359349,713,1988,8,8,0,n
586,1988,DET,7220.039231588376,714,1988,4,12,0,n
587,1988,GBP,5997.128637133837,715,1988,4,12,0,n
588,1988,HOU,0,716,1988,0,0,0,n
589,1988,IND,5839.080037067343,717,1988,9,7,0,n
590,1988,JAX,0,718,1988,0,0,0,n
591,1988,KCC,7265.472273669749,719,1988,4,11,1,n
592,1988,LAC,9369.58057931223,720,1988,6,10,0,n
593,1988,LAR,12989.139393918114,721,1988,10,7,0,y
594,1988,LVR,8902.945696952911,722,1988,7,9,0,n
595,1988,MIA,9316.8820170474,723,1988,6,10,0,n
596,1988,MIN,7096.8251790720915,724,1988,12,6,0,y
597,1988,NYG,6293.626574980539,725,1988,10,6,0,n
598,1988,NYJ,4845.996700348063,726,1988,8,7,1,n
599,1988,NEP,8016.049436797548,727,1988,9,7,0,n
600,1988,NOS,10625.23254024713,728,1988,10,6,0,n
601,1988,PHL,6801.623501445567,729,1988,10,7,0,y
602,1988,PIT,6138.321736935026,730,1988,5,11,0,n
603,1988,SFF,12624.657831137101,731,1988,13,6,0,y
604,1988,SEA,13180.121928759378,732,1988,9,8,0,y
605,1988,TBB,7396.340870938203,733,1988,5,11,0,n
606,1988,TEN,10186.169867152246,734,1988,11,7,0,y
607,1988,WSH,8268.20845127748,735,1988,7,9,0,n
608,1989,ARZ,10218.122162467984,736,1989,5,11,0,n
609,1989,ATL,8971.706533101606,737,1989,3,13,0,n
610,1989,BAL,0,738,1989,0,0,0,n
611,1989,BUF,8955.516780552405,739,1989,9,8,0,y
612,1989,CAR,0,740,1989,0,0,0,n
613,1989,CHI,4939.716264414596,741,1989,6,10,0,n
614,1989,CIN,5073.587340656929,742,1989,8,8,0,n
615,1989,CLE,7018.92219603407,743,1989,10,7,1,y
616,1989,DAL,7322.153584251623,744,1989,1,15,0,n
617,1989,DEN,7909.039832083529,745,1989,13,6,0,y
618,1989,DET,4449.43875554771,746,1989,7,9,0,n
619,1989,GBP,7788.5108524271245,747,1989,10,6,0,n
620,1989,HOU,0,748,1989,0,0,0,n
621,1989,IND,6546.401242926628,749,1989,8,8,0,n
622,1989,JAX,0,750,1989,0,0,0,n
623,1989,KCC,7930.43812435792,751,1989,8,7,1,n
624,1989,LAC,9814.01547694701,752,1989,6,10,0,n
625,1989,LAR,18168.392866567538,753,1989,13,6,0,y
626,1989,LVR,9548.68272124098,754,1989,8,8,0,n
627,1989,MIA,8836.401535130419,755,1989,8,8,0,n
628,1989,MIN,7359.107927763225,756,1989,10,7,0,y
629,1989,NYG,12956.33509511337,757,1989,12,5,0,y
630,1989,NYJ,8745.149835176742,758,1989,4,12,0,n
631,1989,NEP,9414.11910012787,759,1989,5,11,0,n
632,1989,NOS,8890.629613687164,760,1989,9,7,0,n
633,1989,PHL,9286.410092404827,761,1989,11,6,0,y
634,1989,PIT,5204.61211870893,762,1989,10,8,0,y
635,1989,SFF,16255.031413480277,763,1989,17,2,0,y
636,1989,SEA,13768.378579146525,764,1989,7,9,0,n
637,1989,TBB,8636.371861002284,765,1989,5,11,0,n
638,1989,TEN,8713.585234634522,766,1989,9,8,0,y
639,1989,WSH,9660.119333986979,767,1989,10,6,0,n
640,1990,ARZ,13841.807509630618,768,1990,5,11,0,n
641,1990,ATL,7197.168819696268,769,1990,5,11,0,n
642,1990,BAL,0,770,1990,0,0,0,n
643,1990,BUF,4108.239245240161,771,1990,15,4,0,y
644,1990,CAR,0,772,1990,0,0,0,n
645,1990,CHI,7171.546495622721,773,1990,12,6,0,y
646,1990,CIN,7466.212604731383,774,1990,10,8,0,y
647,1990,CLE,6825.259871030133,775,1990,3,13,0,n
648,1990,DAL,7646.37599584517,776,1990,7,9,0,n
649,1990,DEN,7409.587973948605,777,1990,5,11,0,n
650,1990,DET,6015.574580506136,778,1990,6,10,0,n
651,1990,GBP,6784.836595753552,779,1990,6,10,0,n
652,1990,HOU,0,780,1990,0,0,0,n
653,1990,IND,5987.006886460364,781,1990,7,9,0,n
654,1990,JAX,0,782,1990,0,0,0,n
655,1990,KCC,8573.244717936575,783,1990,11,6,0,y
656,1990,LAC,11090.192934950377,784,1990,6,10,0,n
657,1990,LAR,13812.030821636143,785,1990,5,11,0,n
658,1990,LVR,11361.602752074636,786,1990,13,5,0,y
659,1990,MIA,7573.353817251518,787,1990,13,5,0,y
660,1990,MIN,6213.538663134042,788,1990,6,10,0,n
661,1990,NYG,10032.596193367717,789,1990,16,3,0,y
662,1990,NYJ,7697.538132613086,790,1990,6,10,0,n
663,1990,NEP,6484.786644612017,791,1990,1,15,0,n
664,1990,NOS,8301.865561784063,792,1990,8,9,0,y
665,1990,PHL,7952.338796949731,793,1990,10,7,0,y
666,1990,PIT,8425.650377727443,794,1990,9,7,0,n
667,1990,SFF,12961.238388500844,795,1990,15,3,0,y
668,1990,SEA,13103.149464449973,796,1990,9,7,0,n
669,1990,TBB,10376.289433879056,797,1990,6,10,0,n
670,1990,TEN,9081.992249289782,798,1990,9,8,0,y
671,1990,WSH,7250.371183919332,799,1990,11,7,0,y
672,1991,ARZ,9969.338715805403,800,1991,4,12,0,n
673,1991,ATL,9960.001380736943,801,1991,11,7,0,y
674,1991,BAL,0,802,1991,0,0,0,n
675,1991,BUF,6946.768780032541,803,1991,15,4,0,y
676,1991,CAR,0,804,1991,0,0,0,n
677,1991,CHI,5087.197998135352,805,1991,11,6,0,y
678,1991,CIN,5109.708038452964,806,1991,3,13,0,n
679,1991,CLE,5012.577884881994,807,1991,6,10,0,n
680,1991,DAL,8739.415491638143,808,1991,12,6,0,y
681,1991,DEN,9148.33697250769,809,1991,13,5,0,y
682,1991,DET,4988.254497570975,810,1991,13,5,0,y
683,1991,GBP,6564.106852505347,811,1991,4,12,0,n
684,1991,HOU,0,812,1991,0,0,0,n
685,1991,IND,7810.028130484393,813,1991,1,15,0,n
686,1991,JAX,0,814,1991,0,0,0,n
687,1991,KCC,8447.199751743869,815,1991,11,7,0,y
688,1991,LAC,8339.313987623453,816,1991,4,12,0,n
689,1991,LAR,10891.60253203727,817,1991,3,13,0,n
690,1991,LVR,10194.42119599793,818,1991,9,8,0,y
691,1991,MIA,10421.515640278885,819,1991,8,8,0,n
692,1991,MIN,6767.156059590175,820,1991,8,8,0,n
693,1991,NYG,6511.275443304643,821,1991,8,8,0,n
694,1991,NYJ,7726.828765293586,822,1991,8,9,0,y
695,1991,NEP,7958.814489437153,823,1991,6,10,0,n
696,1991,NOS,9130.753516211214,824,1991,11,6,0,y
697,1991,PHL,6944.43287774916,825,1991,10,6,0,n
698,1991,PIT,4629.624065807752,826,1991,7,9,0,n
699,1991,SFF,11754.973820003586,827,1991,10,6,0,n
700,1991,SEA,12874.138758349261,828,1991,7,9,0,n
701,1991,TBB,6588.865762004235,829,1991,3,13,0,n
702,1991,TEN,9217.36495234223,830,1991,12,6,0,y
703,1991,WSH,7338.368552474249,831,1991,17,2,0,y
704,1992,ARZ,12304.675232043299,832,1992,4,12,0,n
705,1992,ATL,7375.738368000622,833,1992,6,10,0,n
706,1992,BAL,0,834,1992,0,0,0,n
707,1992,BUF,9430.365808279623,835,1992,14,6,0,y
708,1992,CAR,0,836,1992,0,0,0,n
709,1992,CHI,4652.66178469619,837,1992,5,11,0,n
710,1992,CIN,6458.276447800247,838,1992,5,11,0,n
711,1992,CLE,5027.430154742241,839,1992,7,9,0,n
712,1992,DAL,11021.864303674598,840,1992,16,3,0,y
713,1992,DEN,8864.795505399963,841,1992,8,8,0,n
714,1992,DET,4946.406443717235,842,1992,5,11,0,n
715,1992,GBP,4914.267012526654,843,1992,9,7,0,n
716,1992,HOU,0,844,1992,0,0,0,n
717,1992,IND,5994.140667146936,845,1992,9,7,0,n
718,1992,JAX,0,846,1992,0,0,0,n
719,1992,KCC,6952.433952798715,847,1992,10,7,0,y
720,1992,LAC,11038.302441736236,848,1992,12,6,0,y
721,1992,LAR,13673.081021411224,849,1992,6,10,0,n
722,1992,LVR,12242.297555925974,850,1992,7,9,0,n
723,1992,MIA,11624.388643625847,851,1992,12,6,0,y
724,1992,MIN,6259.570253846439,852,1992,11,6,0,y
725,1992,NYG,8669.445629094465,853,1992,6,10,0,n
726,1992,NYJ,7418.4031010208955,854,1992,4,12,0,n
727,1992,NEP,8222.185446061654,855,1992,2,14,0,n
728,1992,NOS,9871.577332220968,856,1992,12,5,0,y
729,1992,PHL,11351.89383125488,857,1992,12,6,0,y
730,1992,PIT,5459.069252200296,858,1992,11,6,0,y
731,1992,SFF,11910.210220813478,859,1992,15,3,0,y
732,1992,SEA,13210.30227606354,860,1992,2,14,0,n
733,1992,TBB,11235.76532903009,861,1992,5,11,0,n
734,1992,TEN,9269.20021345075,862,1992,10,7,0,y
735,1992,WSH,11124.342838257242,863,1992,10,8,0,y
736,1993,ARZ,12086.216589190071,864,1993,7,9,0,n
737,1993,ATL,7326.6014981622775,865,1993,6,10,0,n
738,1993,BAL,0,866,1993,0,0,0,n
739,1993,BUF,4870.7715028682605,867,1993,14,5,0,y
740,1993,CAR,0,868,1993,0,0,0,n
741,1993,CHI,6301.95413299013,869,1993,7,9,0,n
742,1993,CIN,5977.127977844985,870,1993,3,13,0,n
743,1993,CLE,6322.643671209525,871,1993,7,9,0,n
744,1993,DAL,8307.772914789031,872,1993,15,4,0,y
745,1993,DEN,7885.587410810756,873,1993,9,8,0,y
746,1993,DET,7240.4214555073795,874,1993,10,7,0,y
747,1993,GBP,6079.996704271022,875,1993,10,8,0,y
748,1993,HOU,0,876,1993,0,0,0,n
749,1993,IND,4525.279840728571,877,1993,4,12,0,n
750,1993,JAX,0,878,1993,0,0,0,n
751,1993,KCC,8946.713587153748,879,1993,13,6,0,y
752,1993,LAC,10852.956106856607,880,1993,8,8,0,n
753,1993,LAR,11850.028294961725,881,1993,5,11,0,n
754,1993,LVR,10916.85686274762,882,1993,11,7,0,y
755,1993,MIA,10042.13087295599,883,1993,9,7,0,n
756,1993,MIN,8176.072599115021,884,1993,9,8,0,y
757,1993,NYG,9731.535016183881,885,1993,12,6,0,y
758,1993,NYJ,6344.701698217723,886,1993,8,8,0,n
759,1993,NEP,8511.156405473834,887,1993,5,11,0,n
760,1993,NOS,9269.404230385819,888,1993,8,8,0,n
761,1993,PHL,7435.041043449648,889,1993,8,8,0,n
762,1993,PIT,9356.221662211723,890,1993,9,8,0,y
763,1993,SFF,14737.784060430555,891,1993,11,7,0,y
764,1993,SEA,12798.246564860288,892,1993,6,10,0,n
765,1993,TBB,9561.053397165288,893,1993,5,11,0,n
766,1993,TEN,9293.896824180587,894,1993,12,5,0,y
767,1993,WSH,7844.227341226729,895,1993,4,12,0,n
768,1994,ARZ,11785.396364438298,896,1994,8,8,0,n
769,1994,ATL,7625.095337004902,897,1994,7,9,0,n
770,1994,BAL,0,898,1994,0,0,0,n
771,1994,BUF,4521.045956550163,899,1994,7,9,0,n
772,1994,CAR,0,900,1994,0,0,0,n
773,1994,CHI,7647.936010601447,901,1994,10,8,0,y
774,1994,CIN,8416.509566819688,902,1994,3,13,0,n
775,1994,CLE,4973.763205430065,903,1994,12,6,0,y
776,1994,DAL,8542.321125307908,904,1994,13,5,0,y
777,1994,DEN,7217.118637884667,905,1994,7,9,0,n
778,1994,DET,4665.374179366886,906,1994,9,8,0,y
779,1994,GBP,4912.190317748744,907,1994,10,8,0,y
780,1994,HOU,0,908,1994,0,0,0,n
781,1994,IND,6077.9452237378955,909,1994,8,8,0,n
782,1994,JAX,0,910,1994,0,0,0,n
783,1994,KCC,8221.90204954567,911,1994,9,8,0,y
784,1994,LAC,13970.999494930049,912,1994,13,6,0,y
785,1994,LAR,11095.906301058178,913,1994,4,12,0,n
786,1994,LVR,8578.612118308543,914,1994,9,7,0,n
787,1994,MIA,11651.094769761467,915,1994,11,7,0,y
788,1994,MIN,6575.8981456050105,916,1994,10,7,0,y
789,1994,NYG,9346.277388704557,917,1994,9,7,0,n
790,1994,NYJ,5868.961928530642,918,1994,6,10,0,n
791,1994,NEP,5470.398696519492,919,1994,10,7,0,y
792,1994,NOS,7431.5944385449575,920,1994,7,9,0,n
793,1994,PHL,7554.731590944209,921,1994,7,9,0,n
794,1994,PIT,10008.615288367952,922,1994,13,5,0,y
795,1994,SFF,12442.170441375194,923,1994,16,3,0,y
796,1994,SEA,12626.236199908657,924,1994,6,10,0,n
797,1994,TBB,10612.600578051133,925,1994,6,10,0,n
798,1994,TEN,7623.961668797788,926,1994,2,14,0,n
799,1994,WSH,8097.844371404843,927,1994,3,13,0,n
0,1996,ARZ,13435.52284422991,960,1996,7,9,0,n
1,1996,ATL,5243.406029557367,961,1996,3,13,0,n
2,1996,BAL,7373.2085338553625,962,1996,4,12,0,n
3,1996,BUF,4910.929965116344,963,1996,10,7,0,y
4,1996,CAR,7120.579501683232,964,1996,13,5,0,y
5,1996,CHI,4493.264933350677,965,1996,7,9,0,n
6,1996,CIN,6805.525216020225,966,1996,8,8,0,n
7,1996,CLE,0,967,1996,0,0,0,n
8,1996,DAL,10286.68435025024,968,1996,11,7,0,y
9,1996,DEN,7775.210784907874,969,1996,13,4,0,y
10,1996,DET,8588.991140886972,970,1996,5,11,0,n
11,1996,GBP,5375.426674653288,971,1996,16,3,0,y
12,1996,HOU,0,972,1996,0,0,0,n
13,1996,IND,5085.992893057125,973,1996,9,8,0,y
14,1996,JAX,9740.90650353589,974,1996,11,8,0,y
15,1996,KCC,7401.772274803146,975,1996,9,7,0,n
16,1996,LAC,11050.384038575228,976,1996,8,8,0,n
17,1996,LAR,6209.403547125573,977,1996,6,10,0,n
18,1996,LVR,12799.935718471817,978,1996,7,9,0,n
19,1996,MIA,11078.158646125863,979,1996,8,8,0,n
20,1996,MIN,8176.501090873084,980,1996,9,8,0,y
21,1996,NYG,5989.265535350439,981,1996,6,10,0,n
22,1996,NYJ,7049.145467528593,982,1996,1,15,0,n
23,1996,NEP,8047.981773032853,983,1996,13,6,0,y
24,1996,NOS,6960.3128703406755,984,1996,3,13,0,n
25,1996,PHL,8101.2425868323335,985,1996,10,7,0,y
26,1996,PIT,5466.093120834649,986,1996,11,7,0,y
27,1996,SFF,16261.711084814815,987,1996,13,5,0,y
28,1996,SEA,13849.030014948861,988,1996,7,9,0,n
29,1996,TBB,10369.22649325607,989,1996,6,10,0,n
30,1996,TEN,8398.949603977082,990,1996,8,8,0,n
31,1996,WSH,5731.813435623099,991,1996,9,7,0,n
32,1997,ARZ,13726.93934066696,992,1997,4,12,0,n
33,1997,ATL,9529.604665527353,993,1997,7,9,0,n
34,1997,BAL,4399.993822313345,994,1997,6,9,1,n
35,1997,BUF,4782.057036797963,995,1997,6,10,0,n
36,1997,CAR,9029.993880279302,996,1997,7,9,0,n
37,1997,CHI,4877.2785887748905,997,1997,4,12,0,n
38,1997,CIN,3789.4923223069645,998,1997,7,9,0,n
39,1997,CLE,0,999,1997,0,0,0,n
40,1997,DAL,9026.682143974318,1000,1997,6,10,0,n
41,1997,DEN,8182.2253522186875,1001,1997,16,4,0,y
42,1997,DET,4749.743741318396,1002,1997,9,8,0,y
43,1997,GBP,7325.960566482861,1003,1997,15,4,0,y
44,1997,HOU,0,1004,1997,0,0,0,n
45,1997,IND,5791.695337562056,1005,1997,3,13,0,n
46,1997,JAX,8683.780011811032,1006,1997,11,6,0,y
47,1997,KCC,8096.611131334127,1007,1997,13,4,0,y
48,1997,LAC,10181.161735482667,1008,1997,4,12,0,n
49,1997,LAR,7024.601915142156,1009,1997,5,11,0,n
50,1997,LVR,12508.658811396506,1010,1997,4,12,0,n
51,1997,MIA,9649.495320851507,1011,1997,9,8,0,y
52,1997,MIN,7040.689694182765,1012,1997,10,8,0,y
53,1997,NYG,6834.533742324703,1013,1997,10,6,1,y
54,1997,NYJ,6465.887423045767,1014,1997,9,7,0,n
55,1997,NEP,8225.840226079881,1015,1997,11,7,0,y
56,1997,NOS,8202.808946607527,1016,1997,6,10,0,n
57,1997,PHL,6071.25451691412,1017,1997,6,9,1,n
58,1997,PIT,4972.666160983181,1018,1997,12,6,0,y
59,1997,SFF,15172.149015002462,1019,1997,14,4,0,y
60,1997,SEA,12230.439713353839,1020,1997,8,8,0,n
61,1997,TBB,6734.163569360821,1021,1997,11,7,0,y
62,1997,TEN,6625.947154461056,1022,1997,8,8,0,n
63,1997,WSH,5213.374017461417,1023,1997,8,7,1,n
64,1998,ARZ,13429.565819022802,1024,1998,10,8,0,y
65,1998,ATL,6483.183120983209,1025,1998,16,3,0,y
66,1998,BAL,5686.486945721148,1026,1998,6,10,0,n
67,1998,BUF,6573.893274760566,1027,1998,10,7,0,y
68,1998,CAR,6164.184919000571,1028,1998,4,12,0,n
69,1998,CHI,4621.081182929032,1029,1998,4,12,0,n
70,1998,CIN,4479.381445207261,1030,1998,3,13,0,n
71,1998,CLE,0,1031,1998,0,0,0,n
72,1998,DAL,7101.929868433636,1032,1998,10,7,0,y
73,1998,DEN,10439.425728650895,1033,1998,17,2,0,y
74,1998,DET,5786.511345797981,1034,1998,5,11,0,n
75,1998,GBP,6145.828268019388,1035,1998,11,6,0,y
76,1998,HOU,0,1036,1998,0,0,0,n
77,1998,IND,7707.6864015408255,1037,1998,3,13,0,n
78,1998,JAX,7645.207043245776,1038,1998,12,6,0,y
79,1998,KCC,9201.554488298349,1039,1998,7,9,0,n
80,1998,LAC,9795.863149436183,1040,1998,5,11,0,n
81,1998,LAR,6212.165871357578,1041,1998,4,12,0,n
82,1998,LVR,10411.516379479086,1042,1998,8,8,0,n
83,1998,MIA,10426.476558171216,1043,1998,11,7,0,y
84,1998,MIN,5352.065373859024,1044,1998,16,2,0,y
85,1998,NYG,12446.910383162032,1045,1998,8,8,0,n
86,1998,NYJ,9191.603555296864,1046,1998,13,5,0,y
87,1998,NEP,8331.242518777666,1047,1998,9,8,0,y
88,1998,NOS,7311.599113096276,1048,1998,6,10,0,n
89,1998,PHL,8919.467204247807,1049,1998,3,13,0,n
90,1998,PIT,4481.881845944019,1050,1998,7,9,0,n
91,1998,SFF,17372.14606511638,1051,1998,13,5,0,y
92,1998,SEA,12810.398729264547,1052,1998,8,8,0,n
93,1998,TBB,6735.650849782279,1053,1998,8,8,0,n
94,1998,TEN,5876.316120951014,1054,1998,8,8,0,n
95,1998,WSH,9526.446046269713,1055,1998,6,10,0,n
96,1999,ARZ,12116.49985213057,1056,1999,6,10,0,n
97,1999,ATL,5152.089943446838,1057,1999,5,11,0,n
98,1999,BAL,3888.2407256053216,1058,1999,8,8,0,n
99,1999,BUF,7567.746485663299,1059,1999,11,6,0,y
100,1999,CAR,5621.039191341099,1060,1999,8,8,0,n
101,1999,CHI,6182.404024966935,1061,1999,6,10,0,n
102,1999,CIN,4148.05654787745,1062,1999,4,12,0,n
103,1999,CLE,5272.687875538935,1063,1999,2,14,0,n
104,1999,DAL,8373.335917765142,1064,1999,8,9,0,y
105,1999,DEN,9196.578763894819,1065,1999,6,10,0,n
106,1999,DET,7163.968010239939,1066,1999,8,9,0,y
107,1999,GBP,7321.946687779322,1067,1999,8,8,0,n
108,1999,HOU,0,1068,1999,0,0,0,n
109,1999,IND,5582.072223868415,1069,1999,13,4,0,y
110,1999,JAX,4637.754371251223,1070,1999,15,3,0,y
111,1999,KCC,7712.325210710058,1071,1999,9,7,0,n
112,1999,LAC,11303.414463303192,1072,1999,8,8,0,n
113,1999,LAR,5231.447598644006,1073,1999,16,3,0,y
114,1999,LVR,11224.630774386536,1074,1999,8,8,0,n
115,1999,MIA,13946.191657386405,1075,1999,10,8,0,y
116,1999,MIN,5868.884785238652,1076,1999,11,7,0,y
117,1999,NYG,6222.224298001346,1077,1999,7,9,0,n
118,1999,NYJ,7810.47269031231,1078,1999,8,8,0,n
119,1999,NEP,7055.653576614498,1079,1999,8,8,0,n
120,1999,NOS,7122.176677300352,1080,1999,3,13,0,n
121,1999,PHL,6010.908530477104,1081,1999,5,11,0,n
122,1999,PIT,4940.744871777545,1082,1999,6,10,0,n
123,1999,SFF,14723.035316334319,1083,1999,4,12,0,n
124,1999,SEA,12138.407745936232,1084,1999,9,8,0,y
125,1999,TBB,11661.924983596153,1085,1999,12,6,0,y
126,1999,TEN,5704.467592733846,1086,1999,16,4,0,y
127,1999,WSH,7665.004281901172,1087,1999,11,7,0,y
128,2000,ARZ,12352.81701005486,1088,2000,3,13,0,n
129,2000,ATL,7864.396940858449,1089,2000,4,12,0,n
130,2000,BAL,7810.404339048549,1090,2000,16,4,0,y
131,2000,BUF,7103.604137447932,1091,2000,8,8,0,n
132,2000,CAR,8105.7651822287435,1092,2000,7,9,0,n
133,2000,CHI,5484.219177014749,1093,2000,5,11,0,n
134,2000,CIN,3820.925015553874,1094,2000,4,12,0,n
135,2000,CLE,6931.1498419834925,1095,2000,3,13,0,n
136,2000,DAL,8463.983262625163,1096,2000,5,11,0,n
137,2000,DEN,9377.728311881538,1097,2000,11,6,0,y
138,2000,DET,3690.8644620101168,1098,2000,9,7,0,n
139,2000,GBP,5967.367254933932,1099,2000,9,7,0,n
140,2000,HOU,0,1100,2000,0,0,0,n
141,2000,IND,5786.854866649612,1101,2000,10,7,0,y
142,2000,JAX,5645.381197165632,1102,2000,7,9,0,n
143,2000,KCC,8783.615982494744,1103,2000,7,9,0,n
144,2000,LAC,11808.101668734875,1104,2000,1,15,0,n
145,2000,LAR,7100.9784383915585,1105,2000,10,7,0,y
146,2000,LVR,9654.75338840489,1106,2000,13,5,0,y
147,2000,MIA,12999.291642134098,1107,2000,12,6,0,y
148,2000,MIN,6367.868788453169,1108,2000,12,6,0,y
149,2000,NYG,6524.816470097598,1109,2000,14,5,0,y
150,2000,NYJ,6766.8004150091065,1110,2000,9,7,0,n
151,2000,NEP,6472.423958681062,1111,2000,5,11,0,n
152,2000,NOS,10451.483104447365,1112,2000,11,7,0,y
153,2000,PHL,6044.965905596252,1113,2000,12,6,0,y
154,2000,PIT,4169.066492250879,1114,2000,9,7,0,n
155,2000,SFF,12794.880241603008,1115,2000,6,10,0,n
156,2000,SEA,13862.819426303193,1116,2000,6,10,0,n
157,2000,TBB,8008.938550438925,1117,2000,10,7,0,y
158,2000,TEN,4080.3607234913675,1118,2000,13,4,0,y
159,2000,WSH,5466.857311402666,1119,2000,8,8,0,n
160,2001,ARZ,11234.364985671675,1120,2001,7,9,0,n
161,2001,ATL,6662.56876992481,1121,2001,7,9,0,n
162,2001,BAL,6178.328300336939,1122,2001,11,7,0,y
163,2001,BUF,8415.09427812512,1123,2001,3,13,0,n
164,2001,CAR,6206.527897655621,1124,2001,1,15,0,n
165,2001,CHI,3857.2241817241356,1125,2001,13,4,0,y
166,2001,CIN,4429.696133777556,1126,2001,6,10,0,n
167,2001,CLE,3102.491652085551,1127,2001,7,9,0,n
168,2001,DAL,9585.372744525608,1128,2001,5,11,0,n
169,2001,DEN,7295.278584361465,1129,2001,8,8,0,n
170,2001,DET,6078.35382955682,1130,2001,2,14,0,n
171,2001,GBP,5427.495306413919,1131,2001,13,5,0,y
172,2001,HOU,0,1132,2001,0,0,0,n
173,2001,IND,4852.853276715753,1133,2001,6,10,0,n
174,2001,JAX,7687.119562645006,1134,2001,6,10,0,n
175,2001,KCC,8900.242537427059,1135,2001,6,10,0,n
176,2001,LAC,11837.840391129106,1136,2001,5,11,0,n
177,2001,LAR,6586.300411856787,1137,2001,16,3,0,y
178,2001,LVR,15848.052453706343,1138,2001,11,7,0,y
179,2001,MIA,11744.105542053207,1139,2001,11,6,0,y
180,2001,MIN,6103.535773105445,1140,2001,5,11,0,n
181,2001,NYG,8482.573840629333,1141,2001,7,9,0,n
182,2001,NYJ,6864.081066899261,1142,2001,10,7,0,y
183,2001,NEP,7332.767164407556,1143,2001,14,5,0,y
184,2001,NOS,7726.118233538469,1144,2001,7,9,0,n
185,2001,PHL,11941.599854762138,1145,2001,13,6,0,y
186,2001,PIT,3559.6096380597755,1146,2001,14,4,0,y
187,2001,SFF,17750.064423573458,1147,2001,12,5,0,y
188,2001,SEA,13118.890088032862,1148,2001,9,7,0,n
189,2001,TBB,8582.709633002498,1149,2001,9,8,0,y
190,2001,TEN,5321.113602590878,1150,2001,7,9,0,n
191,2001,WSH,8917.455565259337,1151,2001,8,8,0,n
192,2002,ARZ,10492.655081256948,1152,2002,5,11,0,n
193,2002,ATL,5246.893542000756,1153,2002,10,7,1,y
194,2002,BAL,4599.369287871024,1154,2002,7,9,0,n
195,2002,BUF,6614.386341785156,1155,2002,8,8,0,n
196,2002,CAR,4792.086596351628,1156,2002,7,9,0,n
197,2002,CHI,3875.4943629635645,1157,2002,4,12,0,n
198,2002,CIN,3010.4383680509886,1158,2002,2,14,0,n
199,2002,CLE,4104.525313630118,1159,2002,9,8,0,y
200,2002,DAL,7295.802291515716,1160,2002,5,11,0,n
201,2002,DEN,9198.440418773196,1161,2002,9,7,0,n
202,2002,DET,5201.103061533227,1162,2002,3,13,0,n
203,2002,GBP,6376.130075451498,1163,2002,12,5,0,y
204,2002,HOU,8451.321306031059,1164,2002,3,13,0,n
205,2002,IND,5108.2813285238935,1165,2002,10,7,0,y
206,2002,JAX,5969.472408683847,1166,2002,6,10,0,n
207,2002,KCC,9400.928569561038,1167,2002,8,8,0,n
208,2002,LAC,10822.448242786066,1168,2002,8,8,0,n
209,2002,LAR,8113.966972751097,1169,2002,7,9,0,n
210,2002,LVR,12383.05031541369,1170,2002,13,6,0,y
211,2002,MIA,10383.146753535815,1171,2002,9,7,0,n
212,2002,MIN,7003.6206988203085,1172,2002,6,10,0,n
213,2002,NYG,10423.036102658201,1173,2002,10,7,0,y
214,2002,NYJ,8650.920788678573,1174,2002,10,8,0,y
215,2002,NEP,9561.1954307145,1175,2002,9,7,0,n
216,2002,NOS,5994.845650934847,1176,2002,9,7,0,n
217,2002,PHL,8511.44922022627,1177,2002,13,5,0,y
218,2002,PIT,4014.67832844229,1178,2002,12,5,1,y
219,2002,SFF,11869.15043640499,1179,2002,11,7,0,y
220,2002,SEA,11470.080982061094,1180,2002,7,9,0,n
221,2002,TBB,8315.363255769693,1181,2002,15,4,0,y
222,2002,TEN,5573.742506910557,1182,2002,12,6,0,y
223,2002,WSH,8184.202515899789,1183,2002,7,9,0,n
224,2003,ARZ,10549.146022869445,1184,2003,4,12,0,n
225,2003,ATL,4162.094544318644,1185,2003,5,11,0,n
226,2003,BAL,9378.194316270543,1186,2003,10,7,0,y
227,2003,BUF,5460.888555318628,1187,2003,6,10,0,n
228,2003,CAR,7010.344486257236,1188,2003,14,6,0,y
229,2003,CHI,6436.411971450417,1189,2003,7,9,0,n
230,2003,CIN,7085.545617451568,1190,2003,8,8,0,n
231,2003,CLE,7280.402249071371,1191,2003,5,11,0,n
232,2003,DAL,8743.676744169758,1192,2003,10,7,0,y
233,2003,DEN,7464.5995079722525,1193,2003,10,7,0,y
234,2003,DET,7306.858948100379,1194,2003,5,11,0,n
235,2003,GBP,8106.589018045425,1195,2003,11,7,0,y
236,2003,HOU,6568.946931810459,1196,2003,5,11,0,n
237,2003,IND,6343.970245044933,1197,2003,14,5,0,y
238,2003,JAX,5090.50404677617,1198,2003,5,11,0,n
239,2003,KCC,6413.4613034152935,1199,2003,13,4,0,y
240,2003,LAC,12533.626488586333,1200,2003,4,12,0,n
241,2003,LAR,7333.15380758235,1201,2003,11,6,0,y
242,2003,LVR,13150.026816713247,1202,2003,4,12,0,n
243,2003,MIA,8068.911793390599,1203,2003,10,6,0,n
244,2003,MIN,6855.676022970828,1204,2003,9,7,0,n
245,2003,NYG,5097.366148619094,1205,2003,4,12,0,n
246,2003,NYJ,6539.854958383352,1206,2003,6,10,0,n
247,2003,NEP,7426.564339598729,1207,2003,17,2,0,y
248,2003,NOS,6691.571497956028,1208,2003,8,8,0,n
249,2003,PHL,4657.098239826405,1209,2003,13,5,0,y
250,2003,PIT,7348.679690286797,1210,2003,7,9,0,n
251,2003,SFF,13503.563206480843,1211,2003,7,9,0,n
252,2003,SEA,13165.986527389878,1212,2003,10,7,0,y
253,2003,TBB,6319.955193453126,1213,2003,7,9,0,n
254,2003,TEN,4700.303857193888,1214,2003,13,5,0,y
255,2003,WSH,4230.702802287711,1215,2003,5,11,0,n
256,2004,ARZ,11934.682406202941,1216,2004,6,10,0,n
257,2004,ATL,8697.722326524037,1217,2004,12,6,0,y
258,2004,BAL,2144.777521355756,1218,2004,10,6,0,n
259,2004,BUF,9293.394476015415,1219,2004,9,7,0,n
260,2004,CAR,8555.336167181478,1220,2004,7,9,0,n
261,2004,CHI,4561.973962682693,1221,2004,5,11,0,n
262,2004,CIN,3392.3324271543247,1222,2004,9,7,0,n
263,2004,CLE,4458.982607156962,1223,2004,4,12,0,n
264,2004,DAL,9355.028494756958,1224,2004,6,10,0,n
265,2004,DEN,9416.662525157444,1225,2004,10,7,0,y
266,2004,DET,4401.6315656301485,1226,2004,6,10,0,n
267,2004,GBP,4320.82782827836,1227,2004,10,7,0,y
268,2004,HOU,7360.810266272744,1228,2004,7,9,0,n
269,2004,IND,4450.707082088188,1229,2004,13,5,0,y
270,2004,JAX,9507.555393387589,1230,2004,9,7,0,n
271,2004,KCC,7505.5611546047085,1231,2004,7,9,0,n
272,2004,LAC,11722.111161130177,1232,2004,12,5,0,y
273,2004,LAR,7920.5052215853475,1233,2004,9,9,0,y
274,2004,LVR,13127.999144849957,1234,2004,5,11,0,n
275,2004,MIA,12452.185114138163,1235,2004,4,12,0,n
276,2004,MIN,5624.638100605488,1236,2004,9,9,0,y
277,2004,NYG,6407.19698081137,1237,2004,6,10,0,n
278,2004,NYJ,7803.815655032833,1238,2004,11,7,0,y
279,2004,NEP,7500.235808438813,1239,2004,17,2,0,y
280,2004,NOS,7417.463009999976,1240,2004,8,8,0,n
281,2004,PHL,4372.78002951798,1241,2004,15,4,0,y
282,2004,PIT,3867.4488201752206,1242,2004,14,4,0,y
283,2004,SFF,14497.463263855838,1243,2004,2,14,0,n
284,2004,SEA,14407.07541324343,1244,2004,9,8,0,y
285,2004,TBB,9343.570038605203,1245,2004,5,11,0,n
286,2004,TEN,7195.078582849726,1246,2004,5,11,0,n
287,2004,WSH,5499.232399197106,1247,2004,6,10,0,n
288,2005,ARZ,11467.078956556923,1248,2005,5,11,0,n
289,2005,ATL,5746.224730595431,1249,2005,8,8,0,n
290,2005,BAL,4725.426923711649,1250,2005,6,10,0,n
291,2005,BUF,8928.07809098764,1251,2005,5,11,0,n
292,2005,CAR,8277.463052802064,1252,2005,13,6,0,y
293,2005,CHI,3930.2999366081976,1253,2005,11,6,0,y
294,2005,CIN,2783.0149318616604,1254,2005,11,6,0,y
295,2005,CLE,5164.4399727094515,1255,2005,6,10,0,n
296,2005,DAL,10570.991136267148,1256,2005,9,7,0,n
297,2005,DEN,9118.01794487524,1257,2005,14,4,0,y
298,2005,DET,4241.160057905518,1258,2005,5,11,0,n
299,2005,GBP,4075.027948613063,1259,2005,4,12,0,n
300,2005,HOU,9318.626987775973,1260,2005,2,14,0,n
301,2005,IND,7038.967079720207,1261,2005,14,3,0,y
302,2005,JAX,7816.469911912705,1262,2005,11,6,0,y
303,2005,KCC,7709.8079343828185,1263,2005,10,6,0,n
304,2005,LAC,14088.71662037274,1264,2005,9,7,0,n
305,2005,LAR,7508.2504099144935,1265,2005,6,10,0,n
306,2005,LVR,15057.113063017427,1266,2005,4,12,0,n
307,2005,MIA,10343.68470164532,1267,2005,9,7,0,n
308,2005,MIN,5504.017951089412,1268,2005,9,7,0,n
309,2005,NYG,12883.731816091853,1269,2005,11,6,0,y
310,2005,NYJ,5790.145591089337,1270,2005,4,12,0,n
311,2005,NEP,7018.8165663416985,1271,2005,11,7,0,y
312,2005,NOS,6763.791124742181,1272,2005,3,13,0,n
313,2005,PHL,7668.099425603785,1273,2005,6,10,0,n
314,2005,PIT,6639.768365809007,1274,2005,16,4,0,y
315,2005,SFF,15439.350349604105,1275,2005,4,12,0,n
316,2005,SEA,16391.560860709378,1276,2005,15,4,0,y
317,2005,TBB,8475.1050833248,1277,2005,11,6,0,y
318,2005,TEN,4838.39036518144,1278,2005,4,12,0,n
319,2005,WSH,9790.734969996473,1279,2005,11,7,0,y
320,2006,ARZ,8319.762145743929,1280,2006,5,11,0,n
321,2006,ATL,3815.217194141514,1281,2006,7,9,0,n
322,2006,BAL,5839.799735920604,1282,2006,13,4,0,y
323,2006,BUF,4616.344159762859,1283,2006,7,9,0,n
324,2006,CAR,3790.4392958805765,1284,2006,8,8,0,n
325,2006,CHI,4039.8518265842854,1285,2006,15,4,0,y
326,2006,CIN,4087.536953168774,1286,2006,8,8,0,n
327,2006,CLE,6909.84262238505,1287,2006,4,12,0,n
328,2006,DAL,9627.970386045721,1288,2006,9,8,0,y
329,2006,DEN,7959.239700176031,1289,2006,9,7,0,n
330,2006,DET,5280.893258754988,1290,2006,3,13,0,n
331,2006,GBP,6770.758460898018,1291,2006,8,8,0,n
332,2006,HOU,7272.850938052459,1292,2006,6,10,0,n
333,2006,IND,5706.377518210336,1293,2006,16,4,0,y
334,2006,JAX,5525.498854228922,1294,2006,8,8,0,n
335,2006,KCC,7804.905231199849,1295,2006,9,8,0,y
336,2006,LAC,10485.641719915524,1296,2006,14,3,0,y
337,2006,LAR,9424.58395092525,1297,2006,8,8,0,n
338,2006,LVR,10616.751386224372,1298,2006,2,14,0,n
339,2006,MIA,8870.894033884606,1299,2006,6,10,0,n
340,2006,MIN,7268.169868316185,1300,2006,6,10,0,n
341,2006,NYG,7014.28386721988,1301,2006,8,9,0,y
342,2006,NYJ,5378.5821471967765,1302,2006,10,7,0,y
343,2006,NEP,9945.425909188942,1303,2006,14,5,0,y
344,2006,NOS,6872.7008466757015,1304,2006,11,7,0,y
345,2006,PHL,7970.486944747342,1305,2006,11,7,0,y
346,2006,PIT,6508.337365844538,1306,2006,8,8,0,n
347,2006,SFF,11366.04453797076,1307,2006,7,9,0,n
348,2006,SEA,12175.319817804735,1308,2006,10,8,0,y
349,2006,TBB,6151.71786917847,1309,2006,4,12,0,n
350,2006,TEN,5828.660869523467,1310,2006,8,8,0,n
351,2006,WSH,5745.510059096436,1311,2006,5,11,0,n
352,2007,ARZ,11654.50615057335,1312,2007,8,8,0,n
353,2007,ATL,4519.085616845221,1313,2007,4,12,0,n
354,2007,BAL,9267.878649532442,1314,2007,5,11,0,n
355,2007,BUF,3698.348782444051,1315,2007,7,9,0,n
356,2007,CAR,5135.5065048137785,1316,2007,7,9,0,n
357,2007,CHI,7311.086222692627,1317,2007,7,9,0,n
358,2007,CIN,6805.321022348801,1318,2007,7,9,0,n
359,2007,CLE,5997.792654231518,1319,2007,10,6,0,n
360,2007,DAL,8940.6849600158,1320,2007,13,4,0,y
361,2007,DEN,7572.142033974793,1321,2007,7,9,0,n
362,2007,DET,7603.695068468961,1322,2007,7,9,0,n
363,2007,GBP,4224.85008209214,1323,2007,14,4,0,y
364,2007,HOU,8024.3557161766985,1324,2007,8,8,0,n
365,2007,IND,6887.871765260014,1325,2007,13,4,0,y
366,2007,JAX,6786.7100743700485,1326,2007,11,7,0,y
367,2007,KCC,6610.749355357181,1327,2007,4,12,0,n
368,2007,LAC,14130.895762266468,1328,2007,13,6,0,y
369,2007,LAR,7774.521182103684,1329,2007,3,13,0,n
370,2007,LVR,13189.733608423456,1330,2007,4,12,0,n
371,2007,MIA,12946.372941228234,1331,2007,1,15,0,n
372,2007,MIN,5648.414507180768,1332,2007,8,8,0,n
373,2007,NYG,9400.717952144512,1333,2007,14,6,0,y
374,2007,NYJ,4496.269466856635,1334,2007,4,12,0,n
375,2007,NEP,5339.958729684127,1335,2007,18,1,0,y
376,2007,NOS,7406.340332450402,1336,2007,7,9,0,n
377,2007,PHL,4599.420186122541,1337,2007,8,8,0,n
378,2007,PIT,5060.616217679247,1338,2007,11,6,0,y
379,2007,SFF,14494.11575711091,1339,2007,5,11,0,n
380,2007,SEA,16124.314209910817,1340,2007,11,7,0,y
381,2007,TBB,8915.08244874252,1341,2007,9,8,0,y
382,2007,TEN,5970.258053142792,1342,2007,10,7,0,y
383,2007,WSH,6689.6105338193975,1343,2007,9,8,0,y
384,2008,ARZ,13295.691536619512,1344,2008,12,8,0,y
385,2008,ATL,9013.359470879557,1345,2008,11,6,0,y
386,2008,BAL,5651.171703101725,1346,2008,13,6,0,y
387,2008,BUF,7560.535535910534,1347,2008,7,9,0,n
388,2008,CAR,7967.3388563662475,1348,2008,12,5,0,y
389,2008,CHI,3327.4343263530054,1349,2008,9,7,0,n
390,2008,CIN,3288.8953695005644,1350,2008,4,11,1,n
391,2008,CLE,2706.522725116265,1351,2008,5,11,0,n
392,2008,DAL,8321.855476700837,1352,2008,9,7,0,n
393,2008,DEN,9454.23947271517,1353,2008,8,8,0,n
394,2008,DET,5545.950072700831,1354,2008,0,16,0,n
395,2008,GBP,6152.924323770434,1355,2008,6,10,0,n
396,2008,HOU,8379.569258755075,1356,2008,8,8,0,n
397,2008,IND,5010.981731820379,1357,2008,12,5,0,y
398,2008,JAX,6386.3711330323395,1358,2008,5,11,0,n
399,2008,KCC,7759.4454066485605,1359,2008,2,14,0,n
400,2008,LAC,16774.36489587103,1360,2008,9,9,0,y
401,2008,LAR,8657.455344016033,1361,2008,2,14,0,n
402,2008,LVR,14502.60728421562,1362,2008,5,11,0,n
403,2008,MIA,10495.918151219654,1363,2008,11,6,0,y
404,2008,MIN,6605.417597202454,1364,2008,10,7,0,y
405,2008,NYG,6509.152810316415,1365,2008,12,5,0,y
406,2008,NYJ,12338.760861921432,1366,2008,9,7,0,n
407,2008,NEP,13137.740889755223,1367,2008,11,5,0,n
408,2008,NOS,10676.707694085946,1368,2008,8,8,0,n
409,2008,PHL,10747.60923516301,1369,2008,11,7,1,y
410,2008,PIT,4509.818548538113,1370,2008,14,5,0,y
411,2008,SFF,13912.986414995139,1371,2008,7,9,0,n
412,2008,SEA,14932.612552642819,1372,2008,4,12,0,n
413,2008,TBB,6878.374572941393,1373,2008,9,7,0,n
414,2008,TEN,3576.1377978139703,1374,2008,13,4,0,y
415,2008,WSH,7142.422803794727,1375,2008,8,8,0,n
416,2009,ARZ,12814.022755780452,1376,2009,11,7,0,y
417,2009,ATL,5635.493862272368,1377,2009,9,7,0,n
418,2009,BAL,8212.463290819007,1378,2009,10,8,0,y
419,2009,BUF,5506.67740914156,1379,2009,6,10,0,n
420,2009,CAR,5366.679479270469,1380,2009,8,8,0,n
421,2009,CHI,5800.371219823875,1381,2009,7,9,0,n
422,2009,CIN,6395.437171604754,1382,2009,10,7,0,y
423,2009,CLE,3138.121195437163,1383,2009,6,10,0,n
424,2009,DAL,8144.501612235844,1384,2009,12,6,0,y
425,2009,DEN,8912.699889332735,1385,2009,8,8,0,n
426,2009,DET,6619.368562259833,1386,2009,2,14,0,n
427,2009,GBP,4662.67214742553,1387,2009,11,6,0,y
428,2009,HOU,7192.517562478332,1388,2009,9,7,0,n
429,2009,IND,5502.345129296605,1389,2009,16,3,0,y
430,2009,JAX,9391.727529519745,1390,2009,7,9,0,n
431,2009,KCC,7804.0054037264035,1391,2009,4,12,0,n
432,2009,LAC,12127.994011137018,1392,2009,13,4,0,y
433,2009,LAR,7148.298696130937,1393,2009,1,15,0,n
434,2009,LVR,12954.52754011163,1394,2009,5,11,0,n
435,2009,MIA,8192.762561086389,1395,2009,7,9,0,n
436,2009,MIN,9445.814069302407,1396,2009,14,4,0,y
437,2009,NYG,7639.6364085678515,1397,2009,8,8,0,n
438,2009,NYJ,11449.785595626276,1398,2009,11,8,0,y
439,2009,NEP,10652.367699939006,1399,2009,10,7,0,y
440,2009,NOS,6703.806099999416,1400,2009,16,3,0,y
441,2009,PHL,8190.701235734474,1401,2009,11,6,0,y
442,2009,PIT,7982.009997453452,1402,2009,7,9,0,n
443,2009,SFF,12602.809558145042,1403,2009,8,8,0,n
444,2009,SEA,11957.559433275552,1404,2009,5,11,0,n
445,2009,TBB,11323.598207444194,1405,2009,3,13,0,n
446,2009,TEN,7516.475199983301,1406,2009,8,8,0,n
447,2009,WSH,7516.6913559169225,1407,2009,4,12,0,n
448,2010,ARZ,9004.370855962525,1408,2010,5,11,0,n
449,2010,ATL,5470.4550499552015,1409,2010,13,4,0,y
450,2010,BAL,4658.625386402014,1410,2010,13,5,0,y
451,2010,BUF,4650.249250071669,1411,2010,4,12,0,n
452,2010,CAR,5579.925331582902,1412,2010,2,14,0,n
453,2010,CHI,4546.685004535951,1413,2010,12,6,0,y
454,2010,CIN,3051.1901923791056,1414,2010,4,12,0,n
455,2010,CLE,4509.608374108711,1415,2010,6,10,0,n
456,2010,DAL,7542.965717565737,1416,2010,6,10,0,n
457,2010,DEN,11566.514207314542,1417,2010,4,12,0,n
458,2010,DET,4906.382662909106,1418,2010,6,10,0,n
459,2010,GBP,5042.182113075592,1419,2010,13,7,0,y
460,2010,HOU,8853.608005988784,1420,2010,6,10,0,n
461,2010,IND,6612.68219654808,1421,2010,10,7,0,y
462,2010,JAX,7656.142123090822,1422,2010,8,8,0,n
463,2010,KCC,6892.067505165135,1423,2010,10,7,0,y
464,2010,LAC,10199.710075785006,1424,2010,9,7,0,n
465,2010,LAR,9113.615940390393,1425,2010,7,9,0,n
466,2010,LVR,10109.556081903773,1426,2010,8,8,0,n
467,2010,MIA,10873.604194506512,1427,2010,7,9,0,n
468,2010,MIN,6209.525048759935,1428,2010,6,10,0,n
469,2010,NYG,7988.787708025999,1429,2010,10,6,0,n
470,2010,NYJ,5840.8753883823665,1430,2010,13,6,0,y
471,2010,NEP,6984.016138095405,1431,2010,13,4,0,y
472,2010,NOS,9007.162375108235,1432,2010,11,6,0,y
473,2010,PHL,6586.56597230402,1433,2010,10,7,0,y
474,2010,PIT,4023.417146003568,1434,2010,15,4,0,y
475,2010,SFF,16648.72893343275,1435,2010,6,10,0,n
476,2010,SEA,11516.08558129126,1436,2010,8,10,0,y
477,2010,TBB,8010.9239584491,1437,2010,10,6,0,n
478,2010,TEN,5845.716568328618,1438,2010,6,10,0,n
479,2010,WSH,4457.3083996341775,1439,2010,6,10,0,n
480,2011,ARZ,11917.148347729346,1440,2011,8,8,0,n
481,2011,ATL,6328.647252881034,1441,2011,10,7,0,y
482,2011,BAL,7941.399504234197,1442,2011,13,5,0,y
483,2011,BUF,6560.806634096711,1443,2011,6,10,0,n
484,2011,CAR,5606.169510120912,1444,2011,6,10,0,n
485,2011,CHI,8933.757688389032,1445,2011,8,8,0,n
486,2011,CIN,5978.186013629802,1446,2011,10,7,0,y
487,2011,CLE,8058.7234184866575,1447,2011,4,12,0,n
488,2011,DAL,8706.214774053447,1448,2011,8,8,0,n
489,2011,DEN,9763.468935490924,1449,2011,9,9,0,y
490,2011,DET,7135.800227755116,1450,2011,10,7,0,y
491,2011,GBP,5249.967386295432,1451,2011,15,2,0,y
492,2011,HOU,6518.270851103749,1452,2011,11,7,0,y
493,2011,IND,4774.14881670793,1453,2011,2,14,0,n
494,2011,JAX,4864.498321427501,1454,2011,5,11,0,n
495,2011,KCC,7200.923913132437,1455,2011,7,9,0,n
496,2011,LAC,13429.369223457836,1456,2011,8,8,0,n
497,2011,LAR,7597.7249385345385,1457,2011,2,14,0,n
498,2011,LVR,12813.479904330808,1458,2011,8,8,0,n
499,2011,MIA,9259.857259290087,1459,2011,6,10,0,n
500,2011,MIN,5807.083540041718,1460,2011,3,13,0,n
501,2011,NYG,8563.71932379819,1461,2011,13,7,0,y
502,2011,NYJ,6256.409824161278,1462,2011,8,8,0,n
503,2011,NEP,7461.2222710246715,1463,2011,15,4,0,y
504,2011,NOS,7107.982691740767,1464,2011,14,4,0,y
505,2011,PHL,6667.258300127734,1465,2011,8,8,0,n
506,2011,PIT,8159.352430677147,1466,2011,11,6,0,y
507,2011,SFF,14599.7895848742,1467,2011,14,4,0,y
508,2011,SEA,13432.656462718192,1468,2011,7,9,0,n
509,2011,TBB,11483.356486941537,1469,2011,4,12,0,n
510,2011,TEN,3487.3189944135606,1470,2011,9,7,0,n
511,2011,WSH,6119.316330255967,1471,2011,5,11,0,n
512,2012,ARZ,11818.110460406344,1472,2012,5,11,0,n
513,2012,ATL,5449.231603948401,1473,2012,14,4,0,y
514,2012,BAL,9898.987979374504,1474,2012,14,6,0,y
515,2012,BUF,8033.167785070949,1475,2012,6,10,0,n
516,2012,CAR,5649.509872364869,1476,2012,7,9,0,n
517,2012,CHI,6103.023653074337,1477,2012,10,6,0,n
518,2012,CIN,5729.516746497184,1478,2012,10,7,0,y
519,2012,CLE,5693.853295415145,1479,2012,5,11,0,n
520,2012,DAL,9238.775559217434,1480,2012,8,8,0,n
521,2012,DEN,9193.840980910685,1481,2012,13,4,0,y
522,2012,DET,6522.301450320731,1482,2012,4,12,0,n
523,2012,GBP,6813.9198455359,1483,2012,12,6,0,y
524,2012,HOU,8303.696506783253,1484,2012,13,5,0,y
525,2012,IND,4650.413032650588,1485,2012,11,6,0,y
526,2012,JAX,7753.130750177008,1486,2012,2,14,0,n
527,2012,KCC,7428.944958015001,1487,2012,2,14,0,n
528,2012,LAC,12891.818728695527,1488,2012,7,9,0,n
529,2012,LAR,12216.272511874004,1489,2012,7,8,1,n
530,2012,LVR,14359.416381601548,1490,2012,4,12,0,n
531,2012,MIA,11020.82473914314,1491,2012,7,9,0,n
532,2012,MIN,5451.635967659304,1492,2012,10,7,0,y
533,2012,NYG,6353.865414804897,1493,2012,9,7,0,n
534,2012,NYJ,6806.05254527329,1494,2012,6,10,0,n
535,2012,NEP,9921.494400342797,1495,2012,13,5,0,y
536,2012,NOS,7165.633739935685,1496,2012,7,9,0,n
537,2012,PHL,6231.753665468475,1497,2012,4,12,0,n
538,2012,PIT,5969.763210029872,1498,2012,8,8,0,n
539,2012,SFF,15822.361125794894,1499,2012,13,5,1,y
540,2012,SEA,18777.228257660834,1500,2012,12,6,0,y
541,2012,TBB,8537.911711029445,1501,2012,7,9,0,n
542,2012,TEN,5868.85527475328,1502,2012,6,10,0,n
543,2012,WSH,4542.035699305061,1503,2012,10,7,0,y
544,2013,ARZ,11418.29125142371,1504,2013,10,6,0,n
545,2013,ATL,6864.647370757668,1505,2013,4,12,0,n
546,2013,BAL,4702.468537248135,1506,2013,8,8,0,n
547,2013,BUF,5274.51090934839,1507,2013,6,10,0,n
548,2013,CAR,7581.49709161988,1508,2013,12,5,0,y
549,2013,CHI,3017.773913247098,1509,2013,8,8,0,n
550,2013,CIN,4623.779908254899,1510,2013,12,5,0,y
551,2013,CLE,3320.430326350865,1511,2013,4,12,0,n
552,2013,DAL,7749.989595615446,1512,2013,8,8,0,n
553,2013,DEN,8216.99191487058,1513,2013,15,4,0,y
554,2013,DET,3875.596017000293,1514,2013,7,9,0,n
555,2013,GBP,5360.2605401085375,1515,2013,8,8,1,y
556,2013,HOU,8240.595866090964,1516,2013,2,14,0,n
557,2013,IND,8378.386941156845,1517,2013,12,6,0,y
558,2013,JAX,13990.143570366357,1518,2013,4,12,0,n
559,2013,KCC,8109.658143900226,1519,2013,11,6,0,y
560,2013,LAC,15250.691701190688,1520,2013,10,8,0,y
561,2013,LAR,7231.369750167018,1521,2013,7,9,0,n
562,2013,LVR,10493.35637002098,1522,2013,4,12,0,n
563,2013,MIA,7532.623034250019,1523,2013,7,9,0,n
564,2013,MIN,9933.301094610713,1524,2013,5,10,1,n
565,2013,NYG,7025.475629141603,1525,2013,7,9,0,n
566,2013,NYJ,4412.80531843668,1526,2013,8,8,0,n
567,2013,NEP,7996.998937002316,1527,2013,13,5,0,y
568,2013,NOS,8729.001519265636,1528,2013,12,6,0,y
569,2013,PHL,8219.45392732851,1529,2013,10,7,0,y
570,2013,PIT,7855.100787891621,1530,2013,8,8,0,n
571,2013,SFF,21278.388491242247,1531,2013,14,5,0,y
572,2013,SEA,15151.261762062799,1532,2013,16,3,0,y
573,2013,TBB,7968.087894584242,1533,2013,4,12,0,n
574,2013,TEN,7085.952782491129,1534,2013,7,9,0,n
575,2013,WSH,7603.4242068326075,1535,2013,3,13,0,n
576,2014,ARZ,10644.695465990764,1536,2014,11,6,0,y
577,2014,ATL,8660.775647263998,1537,2014,6,10,0,n
578,2014,BAL,5872.232737386507,1538,2014,11,7,0,y
579,2014,BUF,7540.844775906531,1539,2014,9,7,0,n
580,2014,CAR,6483.044080816575,1540,2014,8,9,1,y
581,2014,CHI,5393.183524441677,1541,2014,5,11,0,n
582,2014,CIN,4117.466287051418,1542,2014,11,5,1,y
583,2014,CLE,3018.223144712522,1543,2014,8,8,0,n
584,2014,DAL,13208.65768114821,1544,2014,13,5,0,y
585,2014,DEN,8579.077144851512,1545,2014,12,5,0,y
586,2014,DET,9107.539914069986,1546,2014,11,6,0,y
587,2014,GBP,6387.616153673061,1547,2014,13,5,0,y
588,2014,HOU,7901.704174730016,1548,2014,9,7,0,n
589,2014,IND,5599.926778295365,1549,2014,14,5,0,y
590,2014,JAX,10978.103909618758,1550,2014,3,13,0,n
591,2014,KCC,8791.923622175393,1551,2014,10,6,0,n
592,2014,LAC,10141.66690692822,1552,2014,9,7,0,n
593,2014,LAR,8901.578321560366,1553,2014,6,10,0,n
594,2014,LVR,18060.11564929465,1554,2014,3,13,0,n
595,2014,MIA,12351.20033642945,1555,2014,8,8,0,n
596,2014,MIN,6143.817610180581,1556,2014,7,9,0,n
597,2014,NYG,7098.552434553574,1557,2014,6,10,0,n
598,2014,NYJ,7674.656289802259,1558,2014,4,12,0,n
599,2014,NEP,10992.70352371255,1559,2014,15,4,0,y
600,2014,NOS,5609.303601234124,1560,2014,7,9,0,n
601,2014,PHL,8770.5665873688,1561,2014,10,6,0,n
602,2014,PIT,2955.1833660767297,1562,2014,7,10,0,y
603,2014,SFF,9997.110817124918,1563,2014,8,8,0,n
604,2014,SEA,13019.714025516347,1564,2014,14,5,0,y
605,2014,TBB,6008.734813609276,1565,2014,2,14,0,n
606,2014,TEN,3947.5114565322087,1566,2014,2,14,0,n
607,2014,WSH,8595.043115375262,1567,2014,4,12,0,n
608,2015,ARZ,13530.241386523201,1568,2015,14,4,0,y
609,2015,ATL,5172.925692475661,1569,2015,8,8,0,n
610,2015,BAL,10293.196097491189,1570,2015,5,11,0,n
611,2015,BUF,7502.286622334273,1571,2015,8,8,0,n
612,2015,CAR,7138.685418160807,1572,2015,17,2,0,y
613,2015,CHI,5858.106081259751,1573,2015,6,10,0,n
614,2015,CIN,8017.764552384672,1574,2015,12,5,0,y
615,2015,CLE,6287.713058032354,1575,2015,3,13,0,n
616,2015,DAL,8524.745874088341,1576,2015,4,12,0,n
617,2015,DEN,7821.268307187833,1577,2015,15,4,0,y
618,2015,DET,10065.786060686973,1578,2015,7,9,0,n
619,2015,GBP,8202.776104522802,1579,2015,11,7,0,y
620,2015,HOU,7101.195669480298,1580,2015,9,8,0,y
621,2015,IND,4454.20834354055,1581,2015,8,8,0,n
622,2015,JAX,9437.882205809232,1582,2015,5,11,0,n
623,2015,KCC,12008.928512774188,1583,2015,12,6,0,y
624,2015,LAC,12170.17626342917,1584,2015,4,12,0,n
625,2015,LAR,7331.543178492289,1585,2015,7,9,0,n
626,2015,LVR,13150.026816713247,1586,2015,8,8,0,n
627,2015,MIA,13306.049081723026,1587,2015,6,10,0,n
628,2015,MIN,7144.169110319043,1588,2015,11,6,0,y
629,2015,NYG,6301.121605791066,1589,2015,6,10,0,n
630,2015,NYJ,9971.78634416866,1590,2015,10,6,0,n
631,2015,NEP,7581.4091475215155,1591,2015,13,5,0,y
632,2015,NOS,5931.494771237476,1592,2015,7,9,0,n
633,2015,PHL,3365.3134669393944,1593,2015,7,9,0,n
634,2015,PIT,7916.178053664283,1594,2015,10,8,0,y
635,2015,SFF,13983.864793531911,1595,2015,5,11,0,n
636,2015,SEA,14776.34665447217,1596,2015,11,7,0,y
637,2015,TBB,5622.460776061077,1597,2015,6,10,0,n
638,2015,TEN,4639.225501419166,1598,2015,3,13,0,n
639,2015,WSH,3414.4514551890297,1599,2015,9,8,0,y
640,2016,ARZ,10648.196084196428,1600,2016,7,8,1,n
641,2016,ATL,9181.272592745892,1601,2016,13,6,0,y
642,2016,BAL,3388.1849180890113,1602,2016,8,8,0,n
643,2016,BUF,9201.822509275831,1603,2016,7,9,0,n
644,2016,CAR,9744.961385246852,1604,2016,6,10,0,n
645,2016,CHI,4411.02065735954,1605,2016,3,13,0,n
646,2016,CIN,7905.425571284079,1606,2016,6,9,1,n
647,2016,CLE,3033.875388814024,1607,2016,1,15,0,n
648,2016,DAL,9219.896096051445,1608,2016,12,5,0,y
649,2016,DEN,8440.160040065488,1609,2016,9,7,0,n
650,2016,DET,6713.796546354074,1610,2016,9,8,0,y
651,2016,GBP,5453.1295399739665,1611,2016,12,7,0,y
652,2016,HOU,7734.7033858085815,1612,2016,10,8,0,y
653,2016,IND,9521.080130578513,1613,2016,8,8,0,n
654,2016,JAX,11832.329635576843,1614,2016,3,13,0,n
655,2016,KCC,6746.280047708768,1615,2016,13,4,0,y
656,2016,LAC,11722.111161130177,1616,2016,5,11,0,n
657,2016,LAR,18005.163942934643,1617,2016,4,12,0,n
658,2016,LVR,17464.34850491465,1618,2016,12,5,0,y
659,2016,MIA,13780.255113251333,1619,2016,10,7,0,y
660,2016,MIN,5824.70659216914,1620,2016,8,8,0,n
661,2016,NYG,7691.368371866755,1621,2016,11,6,0,y
662,2016,NYJ,8161.62617579717,1622,2016,5,11,0,n
663,2016,NEP,10601.540762045017,1623,2016,17,2,0,y
664,2016,NOS,8246.784599197206,1624,2016,7,9,0,n
665,2016,PHL,5623.965231633198,1625,2016,7,9,0,n
666,2016,PIT,3837.776692404319,1626,2016,13,6,0,y
667,2016,SFF,12842.021672682866,1627,2016,2,14,0,n
668,2016,SEA,16080.249038051445,1628,2016,11,6,1,y
669,2016,TBB,9645.224290577804,1629,2016,9,7,0,n
670,2016,TEN,5315.811189066853,1630,2016,9,7,0,n
671,2016,WSH,8215.296328145441,1631,2016,8,7,1,n
672,2017,ARZ,15262.203361435,1632,2017,8,8,0,n
673,2017,ATL,7297.417142692764,1633,2017,11,7,0,y
674,2017,BAL,9253.87355291929,1634,2017,10,6,0,n
675,2017,BUF,7501.389455944755,1635,2017,9,8,0,y
676,2017,CAR,6052.45392532904,1636,2017,11,6,0,y
677,2017,CHI,4154.163450864792,1637,2017,5,11,0,n
678,2017,CIN,3831.120269390128,1638,2017,7,9,0,n
679,2017,CLE,8215.847462637481,1639,2017,0,16,0,n
680,2017,DAL,9044.964180138584,1640,2017,9,7,0,n
681,2017,DEN,9429.585623831761,1641,2017,5,11,0,n
682,2017,DET,4097.666864655003,1642,2017,9,7,0,n
683,2017,GBP,4033.990764506376,1643,2017,7,9,0,n
684,2017,HOU,8669.353176021184,1644,2017,4,12,0,n
685,2017,IND,4957.663709257046,1645,2017,4,12,0,n
686,2017,JAX,13680.119811436654,1646,2017,12,7,0,y
687,2017,KCC,6874.880871941789,1647,2017,10,7,0,y
688,2017,LAC,11030.250645824963,1648,2017,9,7,0,n
689,2017,LAR,11818.08233060963,1649,2017,11,6,0,y
690,2017,LVR,16440.041636499926,1650,2017,6,10,0,n
691,2017,MIA,13749.336145118978,1651,2017,6,10,0,n
692,2017,MIN,9604.288708177006,1652,2017,14,4,0,y
693,2017,NYG,11625.644735118476,1653,2017,3,13,0,n
694,2017,NYJ,8373.748505654195,1654,2017,5,11,0,n
695,2017,NEP,8918.493124506092,1655,2017,15,4,0,y
696,2017,NOS,9939.78522186533,1656,2017,12,6,0,y
697,2017,PHL,8877.146009235585,1657,2017,16,3,0,y
698,2017,PIT,3415.3598456768595,1658,2017,12,5,0,y
699,2017,SFF,13466.431832646042,1659,2017,6,10,0,n
700,2017,SEA,13632.342955472672,1660,2017,9,7,0,n
701,2017,TBB,6933.227848412052,1661,2017,5,11,0,n
702,2017,TEN,7968.763987369494,1662,2017,10,8,0,y
703,2017,WSH,8802.77922731807,1663,2017,7,9,0,n
704,2018,ARZ,8783.373645805896,1664,2018,3,13,0,n
705,2018,ATL,4125.871763308496,1665,2018,7,9,0,n
706,2018,BAL,5774.533750956642,1666,2018,10,7,0,y
707,2018,BUF,5118.812041115995,1667,2018,6,10,0,n
708,2018,CAR,3460.9405669258717,1668,2018,7,9,0,n
709,2018,CHI,6431.591087055324,1669,2018,12,5,0,y
710,2018,CIN,4153.050736821928,1670,2018,7,9,0,n
711,2018,CLE,6943.684159545751,1671,2018,7,8,1,n
712,2018,DAL,8768.54493084187,1672,2018,11,7,0,y
713,2018,DEN,8100.325958592144,1673,2018,6,10,0,n
714,2018,DET,7171.845802254739,1674,2018,6,10,0,n
715,2018,GBP,5104.4883908457905,1675,2018,6,9,1,n
716,2018,HOU,8820.538504512388,1676,2018,11,6,0,y
717,2018,IND,6747.114415975903,1677,2018,11,7,0,y
718,2018,JAX,10152.481833655565,1678,2018,5,11,0,n
719,2018,KCC,7834.39345313771,1679,2018,12,6,0,y
720,2018,LAC,21910.59809717246,1680,2018,12,6,0,y
721,2018,LAR,8502.646704227853,1681,2018,15,4,0,y
722,2018,LVR,15847.883731672036,1682,2018,4,12,0,n
723,2018,MIA,9326.05518260142,1683,2018,7,9,0,n
724,2018,MIN,6086.375937586655,1684,2018,8,7,1,n
725,2018,NYG,7671.437449790655,1685,2018,5,11,0,n
726,2018,NYJ,4823.871294303744,1686,2018,4,12,0,n
727,2018,NEP,8089.18706910751,1687,2018,14,5,0,y
728,2018,NOS,5933.046416324227,1688,2018,14,4,0,y
729,2018,PHL,9237.212901994813,1689,2018,10,8,0,y
730,2018,PIT,6590.385452543677,1690,2018,10,5,1,n
731,2018,SFF,10718.151602010272,1691,2018,4,12,0,n
732,2018,SEA,16905.17508149731,1692,2018,10,7,0,y
733,2018,TBB,5967.369023015682,1693,2018,5,11,0,n
734,2018,TEN,8417.939836376001,1694,2018,9,7,0,n
735,2018,WSH,6482.974070107354,1695,2018,7,9,0,n
736,2019,ARZ,11824.318045196233,1696,2019,5,10,1,n
737,2019,ATL,6817.982030068945,1697,2019,7,9,0,n
738,2019,BAL,6220.444697651702,1698,2019,14,3,0,y
739,2019,BUF,5392.031407734117,1699,2019,10,7,0,y
740,2019,CAR,11032.345294991923,1700,2019,5,11,0,n
741,2019,CHI,7131.138377680137,1701,2019,8,8,0,n
742,2019,CIN,10218.997075527011,1702,2019,2,14,0,n
743,2019,CLE,6721.854599135904,1703,2019,6,10,0,n
744,2019,DAL,7680.775343613206,1704,2019,8,8,0,n
745,2019,DEN,7155.460022404769,1705,2019,7,9,0,n
746,2019,DET,6770.236186849889,1706,2019,3,12,1,n
747,2019,GBP,6509.7839190164295,1707,2019,14,4,0,y
748,2019,HOU,10765.913055633004,1708,2019,11,7,0,y
749,2019,IND,5931.426148376866,1709,2019,7,9,0,n
750,2019,JAX,11252.613039362677,1710,2019,6,10,0,n
751,2019,KCC,7149.522699802231,1711,2019,15,4,0,y
752,2019,LAC,14130.724439509717,1712,2019,5,11,0,n
753,2019,LAR,11557.004029843447,1713,2019,9,7,0,n
754,2019,LVR,17688.26768490998,1714,2019,7,9,0,n
755,2019,MIA,7774.668993866426,1715,2019,5,11,0,n
756,2019,MIN,8942.136720505998,1716,2019,11,7,0,y
757,2019,NYG,4128.577742386389,1717,2019,4,12,0,n
758,2019,NYJ,3486.759528422186,1718,2019,7,9,0,n
759,2019,NEP,5248.070695069627,1719,2019,12,5,0,y
760,2019,NOS,6074.069843526612,1720,2019,13,4,0,y
761,2019,PHL,5189.149559957386,1721,2019,9,8,0,y
762,2019,PIT,7606.482857060413,1722,2019,8,8,0,n
763,2019,SFF,15801.922933877882,1723,2019,15,4,0,y
764,2019,SEA,16124.314209910817,1724,2019,12,6,0,y
765,2019,TBB,10976.33929820098,1725,2019,7,9,0,n
766,2019,TEN,7386.566177160112,1726,2019,11,8,0,y
767,2019,WSH,4694.649610504833,1727,2019,3,13,0,n
768,2020,ARZ,10109.583619263743,1728,2020,8,8,0,n
769,2020,ATL,6108.610154189943,1729,2020,4,12,0,n
770,2020,BAL,4074.4080768305953,1730,2020,12,6,0,y
771,2020,BUF,10940.875021455178,1731,2020,15,4,0,y
772,2020,CAR,6324.414630779556,1732,2020,5,11,0,n
773,2020,CHI,4315.091433891019,1733,2020,8,9,0,y
774,2020,CIN,3758.2648183354727,1734,2020,4,11,1,n
775,2020,CLE,3975.212625695981,1735,2020,12,6,0,y
776,2020,DAL,8973.24404178173,1736,2020,6,10,0,n
777,2020,DEN,9223.456012498467,1737,2020,5,11,0,n
778,2020,DET,5084.541798832317,1738,2020,5,11,0,n
779,2020,GBP,6172.771247127358,1739,2020,14,4,0,y
780,2020,HOU,7287.992547540052,1740,2020,4,12,0,n
781,2020,IND,4833.747677396825,1741,2020,11,6,0,y
782,2020,JAX,7615.8273289404,1742,2020,1,15,0,n
783,2020,KCC,7860.141648192588,1743,2020,17,2,0,y
784,2020,LAC,12748.625168931481,1744,2020,7,9,0,n
785,2020,LAR,9262.729394970524,1745,2020,11,7,0,y
786,2020,LVR,12113.741147370709,1746,2020,8,8,0,n
787,2020,MIA,12314.998248140977,1747,2020,10,6,0,n
788,2020,MIN,6418.733750665862,1748,2020,7,9,0,n
789,2020,NYG,6503.0937990754,1749,2020,6,10,0,n
790,2020,NYJ,9110.5354180191,1750,2020,2,14,0,n
791,2020,NEP,10857.215316327996,1751,2020,7,9,0,n
792,2020,NOS,6976.612998889577,1752,2020,13,5,0,y
793,2020,PHL,7477.766763101036,1753,2020,4,11,1,n
794,2020,PIT,3316.238121756262,1754,2020,12,5,0,y
795,2020,SFF,11723.129396449103,1755,2020,6,10,0,n
796,2020,SEA,15228.710447175043,1756,2020,12,5,0,y
797,2020,TBB,9889.716251580117,1757,2020,14,6,0,y
798,2020,TEN,4509.782311254294,1758,2020,11,6,0,y
799,2020,WSH,6866.1605147455175,1759,2020,7,10,0,y
800,2021,ARZ,11970.37617462481,1760,2021,11,7,0,y
801,2021,ATL,10476.668259392565,1761,2021,7,10,0,n
802,2021,BAL,6867.8726164068385,1762,2021,8,9,0,n
803,2021,BUF,6399.233696735046,1763,2021,12,7,0,y
804,2021,CAR,6755.249292486997,1764,2021,5,12,0,n
805,2021,CHI,6296.129799084293,1765,2021,6,11,0,n
806,2021,CIN,5850.336760252035,1766,2021,13,8,0,y
807,2021,CLE,4954.456390916006,1767,2021,8,9,0,n
808,2021,DAL,9368.0403679266,1768,2021,12,6,0,y
809,2021,DEN,8550.158812899474,1769,2021,7,10,0,n
810,2021,DET,5430.337825615236,1770,2021,3,13,1,n
811,2021,GBP,6645.303927376857,1771,2021,13,5,0,y
812,2021,HOU,8374.414162534345,1772,2021,4,13,0,n
813,2021,IND,7217.091432278992,1773,2021,9,8,0,n
814,2021,JAX,11890.288576091776,1774,2021,3,14,0,n
815,2021,KCC,7370.1055881031,1775,2021,14,6,0,y
816,2021,LAC,12893.222316115736,1776,2021,9,8,0,n
817,2021,LAR,9285.473845114862,1777,2021,16,5,0,y
818,2021,LVR,15163.04196041733,1778,2021,9,9,0,y
819,2021,MIA,12227.51752434344,1779,2021,9,8,0,n
820,2021,MIN,7977.415758349903,1780,2021,8,9,0,n
821,2021,NYG,9299.03502953143,1781,2021,4,13,0,n
822,2021,NYJ,9273.93416139015,1782,2021,4,13,0,n
823,2021,NEP,8550.701440158018,1783,2021,10,8,0,y
824,2021,NOS,8728.789770312587,1784,2021,9,8,0,n
825,2021,PHL,8073.781215170365,1785,2021,9,9,0,y
826,2021,PIT,4881.803697861552,1786,2021,9,8,1,y
827,2021,SFF,19181.68179377248,1787,2021,12,8,0,y
828,2021,SEA,14751.140403447882,1788,2021,7,10,0,n
829,2021,TBB,7036.511633140121,1789,2021,14,5,0,y
830,2021,TEN,5819.963441202694,1790,2021,13,5,0,y
831,2021,WSH,7299.481782222788,1791,2021,7,10,0,n
832,2022,ARZ,10156.154440362923,1792,2022,4,13,0,n
833,2022,ATL,5220.47576872255,1793,2022,7,10,0,n
834,2022,BAL,4012.1173409833755,1794,2022,10,8,0,y
835,2022,BUF,4411.733120781734,1795,2022,14,4,0,y
836,2022,CAR,5479.307997378668,1796,2022,7,10,0,n
837,2022,CHI,3749.5280195299792,1797,2022,3,14,0,n
838,2022,CIN,4935.989683247008,1798,2022,13,5,0,y
839,2022,CLE,4314.107961410798,1799,2022,7,10,0,n
840,2022,DAL,10159.787504784244,1800,2022,13,6,0,y
841,2022,DEN,12658.457341453419,1801,2022,5,12,0,n
842,2022,DET,3670.0640938804495,1802,2022,9,8,0,n
843,2022,GBP,9008.398850880976,1803,2022,8,9,0,n
844,2022,HOU,8446.753082255338,1804,2022,3,13,1,n
845,2022,IND,7449.042192364197,1805,2022,4,12,1,n
846,2022,JAX,12367.192900318967,1806,2022,10,9,0,y
847,2022,KCC,9669.766123906556,1807,2022,17,3,0,y
848,2022,LAC,12624.966571766367,1808,2022,10,8,0,y
849,2022,LAR,8419.924371163785,1809,2022,5,12,0,n
850,2022,LVR,13643.551139383739,1810,2022,6,11,0,n
851,2022,MIA,12703.23228720824,1811,2022,9,9,0,y
852,2022,MIN,9276.425232511245,1812,2022,13,5,0,y
853,2022,NYG,9964.468726712488,1813,2022,9,8,1,y
854,2022,NYJ,8147.935603752122,1814,2022,7,10,0,n
855,2022,NEP,9887.196430265147,1815,2022,7,10,0,n
856,2022,NOS,16625.42136671005,1816,2022,7,10,0,n
857,2022,PHL,6647.373524151816,1817,2022,16,4,0,y
858,2022,PIT,7560.991978081557,1818,2022,10,7,0,n
859,2022,SFF,14075.788833134724,1819,2022,15,5,0,y
860,2022,SEA,15233.416916044996,1820,2022,9,9,0,y
861,2022,TBB,13306.281565906329,1821,2022,8,9,0,n
862,2022,TEN,6142.412153113503,1822,2022,7,10,0,n
863,2022,WSH,6702.706758988479,1823,2022,8,7,1,n
864,2023,ARZ,13084.444990600723,1824,2023,3,14,0,n
865,2023,ATL,9031.431267986007,1825,2023,7,10,0,n
866,2023,BAL,12035.84677389625,1826,2023,14,5,0,y
867,2023,BUF,9496.998669137467,1827,2023,12,7,0,y
868,2023,CAR,6070.639036016035,1828,2023,2,15,0,n
869,2023,CHI,5665.139728652847,1829,2023,7,10,0,n
870,2023,CIN,5894.92317765601,1830,2023,9,8,0,n
871,2023,CLE,5717.8836453540935,1831,2023,11,7,0,y
872,2023,DAL,10719.802558980391,1832,2023,12,6,0,y
873,2023,DEN,8313.621526305053,1833,2023,8,9,0,n
874,2023,DET,9039.55210108872,1834,2023,14,6,0,y
875,2023,GBP,8987.093508857437,1835,2023,10,9,0,y
876,2023,HOU,7523.140838373248,1836,2023,11,8,0,y
877,2023,IND,4089.244138130994,1837,2023,9,8,0,n
878,2023,JAX,8378.414761117872,1838,2023,9,8,0,n
879,2023,KCC,9425.922194944656,1839,2023,15,6,0,y
880,2023,LAC,12742.461057565124,1840,2023,5,12,0,n
881,2023,LAR,8271.184663345535,1841,2023,10,8,0,y
882,2023,LVR,13496.497407168814,1842,2023,8,9,0,n
883,2023,MIA,10012.132421206963,1843,2023,11,7,0,y
884,2023,MIN,6786.023431917102,1844,2023,7,10,0,n
885,2023,NYG,11567.27509993285,1845,2023,6,11,0,n
886,2023,NYJ,7568.833933770248,1846,2023,7,10,0,n
887,2023,NEP,8343.894178187355,1847,2023,4,13,0,n
888,2023,NOS,6589.93995068777,1848,2023,9,8,0,n
889,2023,PHL,6947.219049206239,1849,2023,11,7,0,y
890,2023,PIT,7136.759771962211,1850,2023,11,7,0,y
891,2023,SFF,17896.882238012175,1851,2023,14,6,0,y
892,2023,SEA,15770.356390467876,1852,2023,9,8,0,n
893,2023,TBB,9934.491930420463,1853,2023,10,9,0,y
894,2023,TEN,8382.091705593948,1854,2023,6,11,0,n
895,2023,WSH,6994.995411928589,1855,2023,4,13,0,n