,year,team,final_w,final_l,final_t,playoffs
0,1985,ARZ,5,11,0,n
1,1985,ATL,4,12,0,n
2,1985,BAL,0,0,0,n
3,1985,BUF,2,14,0,n
4,1985,CAR,0,0,0,n
5,1985,CHI,18,1,0,y
6,1985,CIN,7,9,0,n
7,1985,CLE,8,9,0,y
8,1985,DAL,10,7,0,y
9,1985,DEN,11,5,0,n
10,1985,DET,7,9,0,n
11,1985,GBP,8,8,0,n
12,1985,HOU,0,0,0,n
13,1985,IND,5,11,0,n
14,1985,JAX,0,0,0,n
15,1985,KCC,6,10,0,n
16,1985,LAC,8,8,0,n
17,1985,LAR,12,6,0,y
18,1985,LVR,12,5,0,y
19,1985,MIA,13,5,0,y
20,1985,MIN,7,9,0,n
21,1985,NYG,11,7,0,y
22,1985,NYJ,11,6,0,y
23,1985,NEP,14,6,0,y
24,1985,NOS,5,11,0,n
25,1985,PHL,7,9,0,n
26,1985,PIT,7,9,0,n
27,1985,SFF,10,7,0,y
28,1985,SEA,8,8,0,n
29,1985,TBB,2,14,0,n
30,1985,TEN,5,11,0,n
31,1985,WSH,10,6,0,n
32,1986,ARZ,4,12,0,n
33,1986,ATL,7,9,0,n
34,1986,BAL,0,0,0,n
35,1986,BUF,4,12,0,n
36,1986,CAR,0,0,0,n
37,1986,CHI,14,3,0,y
38,1986,CIN,10,6,0,n
39,1986,CLE,13,5,0,y
40,1986,DAL,7,9,0,n
41,1986,DEN,13,6,0,y
42,1986,DET,5,11,0,n
43,1986,GBP,4,12,0,n
44,1986,HOU,0,0,0,n
45,1986,IND,3,13,0,n
46,1986,JAX,0,0,0,n
47,1986,KCC,10,7,0,y
48,1986,LAC,4,12,0,n
49,1986,LAR,10,7,0,y
50,1986,LVR,8,8,0,n
51,1986,MIA,8,8,0,n
52,1986,MIN,9,7,0,n
53,1986,NYG,17,2,0,y
54,1986,NYJ,11,7,0,y
55,1986,NEP,11,6,0,y
56,1986,NOS,7,9,0,n
57,1986,PHL,6,10,0,n
58,1986,PIT,6,10,0,n
59,1986,SFF,11,6,0,y
60,1986,SEA,10,6,0,n
61,1986,TBB,2,14,0,n
62,1986,TEN,5,11,0,n
63,1986,WSH,14,5,0,y
64,1987,ARZ,7,8,0,n
65,1987,ATL,3,12,0,n
66,1987,BAL,0,0,0,n
67,1987,BUF,7,8,0,n
68,1987,CAR,0,0,0,n
69,1987,CHI,11,5,0,y
70,1987,CIN,4,11,0,n
71,1987,CLE,11,6,0,y
72,1987,DAL,7,8,0,n
73,1987,DEN,12,6,0,y
74,1987,DET,4,11,0,n
75,1987,GBP,6,9,0,n
76,1987,HOU,0,0,0,n
77,1987,IND,9,7,0,y
78,1987,JAX,0,0,0,n
79,1987,KCC,4,11,0,n
80,1987,LAC,8,7,0,n
81,1987,LAR,6,9,0,n
82,1987,LVR,5,10,0,n
83,1987,MIA,8,7,0,n
84,1987,MIN,10,8,0,y
85,1987,NYG,6,9,0,n
86,1987,NYJ,6,9,0,n
87,1987,NEP,8,7,0,n
88,1987,NOS,12,4,0,y
89,1987,PHL,7,8,0,n
90,1987,PIT,8,7,0,n
91,1987,SFF,13,3,0,y
92,1987,SEA,9,7,0,y
93,1987,TBB,4,11,0,n
94,1987,TEN,10,7,0,y
95,1987,WSH,14,4,0,y
96,1988,ARZ,7,9,0,n
97,1988,ATL,5,11,0,n
98,1988,BAL,0,0,0,n
99,1988,BUF,13,5,0,y
100,1988,CAR,0,0,0,n
101,1988,CHI,13,5,0,y
102,1988,CIN,14,5,0,y
103,1988,CLE,10,7,0,y
104,1988,DAL,3,13,0,n
105,1988,DEN,8,8,0,n
106,1988,DET,4,12,0,n
107,1988,GBP,4,12,0,n
108,1988,HOU,0,0,0,n
109,1988,IND,9,7,0,n
110,1988,JAX,0,0,0,n
111,1988,KCC,4,12,0,n
112,1988,LAC,6,10,0,n
113,1988,LAR,10,7,0,y
114,1988,LVR,7,9,0,n
115,1988,MIA,6,10,0,n
116,1988,MIN,12,6,0,y
117,1988,NYG,10,6,0,n
118,1988,NYJ,9,7,0,n
119,1988,NEP,9,7,0,n
120,1988,NOS,10,6,0,n
121,1988,PHL,10,7,0,y
122,1988,PIT,5,11,0,n
123,1988,SFF,13,6,0,y
124,1988,SEA,9,8,0,y
125,1988,TBB,5,11,0,n
126,1988,TEN,11,7,0,y
127,1988,WSH,7,9,0,n
128,1989,ARZ,5,11,0,n
129,1989,ATL,3,13,0,n
130,1989,BAL,0,0,0,n
131,1989,BUF,9,8,0,y
132,1989,CAR,0,0,0,n
133,1989,CHI,6,10,0,n
134,1989,CIN,8,8,0,n
135,1989,CLE,10,8,0,y
136,1989,DAL,1,15,0,n
137,1989,DEN,13,6,0,y
138,1989,DET,7,9,0,n
139,1989,GBP,10,6,0,n
140,1989,HOU,0,0,0,n
141,1989,IND,8,8,0,n
142,1989,JAX,0,0,0,n
143,1989,KCC,9,7,0,n
144,1989,LAC,6,10,0,n
145,1989,LAR,13,6,0,y
146,1989,LVR,8,8,0,n
147,1989,MIA,8,8,0,n
148,1989,MIN,10,7,0,y
149,1989,NYG,12,5,0,y
150,1989,NYJ,4,12,0,n
151,1989,NEP,5,11,0,n
152,1989,NOS,9,7,0,n
153,1989,PHL,11,6,0,y
154,1989,PIT,10,8,0,y
155,1989,SFF,17,2,0,y
156,1989,SEA,7,9,0,n
157,1989,TBB,5,11,0,n
158,1989,TEN,9,8,0,y
159,1989,WSH,10,6,0,n
160,1990,ARZ,5,11,0,n
161,1990,ATL,5,11,0,n
162,1990,BAL,0,0,0,n
163,1990,BUF,15,4,0,y
164,1990,CAR,0,0,0,n
165,1990,CHI,12,6,0,y
166,1990,CIN,10,8,0,y
167,1990,CLE,3,13,0,n
168,1990,DAL,7,9,0,n
169,1990,DEN,5,11,0,n
170,1990,DET,6,10,0,n
171,1990,GBP,6,10,0,n
172,1990,HOU,0,0,0,n
173,1990,IND,7,9,0,n
174,1990,JAX,0,0,0,n
175,1990,KCC,11,6,0,y
176,1990,LAC,6,10,0,n
177,1990,LAR,5,11,0,n
178,1990,LVR,13,5,0,y
179,1990,MIA,13,5,0,y
180,1990,MIN,6,10,0,n
181,1990,NYG,16,3,0,y
182,1990,NYJ,6,10,0,n
183,1990,NEP,1,15,0,n
184,1990,NOS,8,9,0,y
185,1990,PHL,10,7,0,y
186,1990,PIT,9,7,0,n
187,1990,SFF,15,3,0,y
188,1990,SEA,9,7,0,n
189,1990,TBB,6,10,0,n
190,1990,TEN,9,8,0,y
191,1990,WSH,11,7,0,y
192,1991,ARZ,4,12,0,n
193,1991,ATL,11,7,0,y
194,1991,BAL,0,0,0,n
195,1991,BUF,15,4,0,y
196,1991,CAR,0,0,0,n
197,1991,CHI,11,6,0,y
198,1991,CIN,3,13,0,n
199,1991,CLE,6,10,0,n
200,1991,DAL,12,6,0,y
201,1991,DEN,13,5,0,y
202,1991,DET,13,5,0,y
203,1991,GBP,4,12,0,n
204,1991,HOU,0,0,0,n
205,1991,IND,1,15,0,n
206,1991,JAX,0,0,0,n
207,1991,KCC,11,7,0,y
208,1991,LAC,4,12,0,n
209,1991,LAR,3,13,0,n
210,1991,LVR,9,8,0,y
211,1991,MIA,8,8,0,n
212,1991,MIN,8,8,0,n
213,1991,NYG,8,8,0,n
214,1991,NYJ,8,9,0,y
215,1991,NEP,6,10,0,n
216,1991,NOS,11,6,0,y
217,1991,PHL,10,6,0,n
218,1991,PIT,7,9,0,n
219,1991,SFF,10,6,0,n
220,1991,SEA,7,9,0,n
221,1991,TBB,3,13,0,n
222,1991,TEN,12,6,0,y
223,1991,WSH,17,2,0,y
224,1992,ARZ,4,12,0,n
225,1992,ATL,6,10,0,n
226,1992,BAL,0,0,0,n
227,1992,BUF,14,6,0,y
228,1992,CAR,0,0,0,n
229,1992,CHI,5,11,0,n
230,1992,CIN,5,11,0,n
231,1992,CLE,7,9,0,n
232,1992,DAL,16,3,0,y
233,1992,DEN,8,8,0,n
234,1992,DET,5,11,0,n
235,1992,GBP,9,7,0,n
236,1992,HOU,0,0,0,n
237,1992,IND,9,7,0,n
238,1992,JAX,0,0,0,n
239,1992,KCC,10,7,0,y
240,1992,LAC,12,6,0,y
241,1992,LAR,6,10,0,n
242,1992,LVR,7,9,0,n
243,1992,MIA,12,6,0,y
244,1992,MIN,11,6,0,y
245,1992,NYG,6,10,0,n
246,1992,NYJ,4,12,0,n
247,1992,NEP,2,14,0,n
248,1992,NOS,12,5,0,y
249,1992,PHL,12,6,0,y
250,1992,PIT,11,6,0,y
251,1992,SFF,15,3,0,y
252,1992,SEA,2,14,0,n
253,1992,TBB,5,11,0,n
254,1992,TEN,10,7,0,y
255,1992,WSH,10,8,0,y
256,1993,ARZ,7,9,0,n
257,1993,ATL,6,10,0,n
258,1993,BAL,0,0,0,n
259,1993,BUF,14,5,0,y
260,1993,CAR,0,0,0,n
261,1993,CHI,7,9,0,n
262,1993,CIN,3,13,0,n
263,1993,CLE,7,9,0,n
264,1993,DAL,15,4,0,y
265,1993,DEN,9,8,0,y
266,1993,DET,10,7,0,y
267,1993,GBP,10,8,0,y
268,1993,HOU,0,0,0,n
269,1993,IND,4,12,0,n
270,1993,JAX,0,0,0,n
271,1993,KCC,13,6,0,y
272,1993,LAC,8,8,0,n
273,1993,LAR,5,11,0,n
274,1993,LVR,11,7,0,y
275,1993,MIA,9,7,0,n
276,1993,MIN,9,8,0,y
277,1993,NYG,12,6,0,y
278,1993,NYJ,8,8,0,n
279,1993,NEP,5,11,0,n
280,1993,NOS,8,8,0,n
281,1993,PHL,8,8,0,n
282,1993,PIT,9,8,0,y
283,1993,SFF,11,7,0,y
284,1993,SEA,6,10,0,n
285,1993,TBB,5,11,0,n
286,1993,TEN,12,5,0,y
287,1993,WSH,4,12,0,n
288,1994,ARZ,8,8,0,n
289,1994,ATL,7,9,0,n
290,1994,BAL,0,0,0,n
291,1994,BUF,7,9,0,n
292,1994,CAR,0,0,0,n
293,1994,CHI,10,8,0,y
294,1994,CIN,3,13,0,n
295,1994,CLE,12,6,0,y
296,1994,DAL,13,5,0,y
297,1994,DEN,7,9,0,n
298,1994,DET,9,8,0,y
299,1994,GBP,10,8,0,y
300,1994,HOU,0,0,0,n
301,1994,IND,8,8,0,n
302,1994,JAX,0,0,0,n
303,1994,KCC,9,8,0,y
304,1994,LAC,13,6,0,y
305,1994,LAR,4,12,0,n
306,1994,LVR,9,7,0,n
307,1994,MIA,11,7,0,y
308,1994,MIN,10,7,0,y
309,1994,NYG,9,7,0,n
310,1994,NYJ,6,10,0,n
311,1994,NEP,10,7,0,y
312,1994,NOS,7,9,0,n
313,1994,PHL,7,9,0,n
314,1994,PIT,13,5,0,y
315,1994,SFF,16,3,0,y
316,1994,SEA,6,10,0,n
317,1994,TBB,6,10,0,n
318,1994,TEN,2,14,0,n
319,1994,WSH,3,13,0,n
320,1995,ARZ,4,12,0,n
321,1995,ATL,9,8,0,y
322,1995,BAL,0,0,0,n
323,1995,BUF,11,7,0,y
324,1995,CAR,7,9,0,n
325,1995,CHI,9,7,0,n
326,1995,CIN,7,9,0,n
327,1995,CLE,5,11,0,n
328,1995,DAL,15,4,0,y
329,1995,DEN,8,8,0,n
330,1995,DET,10,7,0,y
331,1995,GBP,13,6,0,y
332,1995,HOU,0,0,0,n
333,1995,IND,11,8,0,y
334,1995,JAX,4,12,0,n
335,1995,KCC,13,4,0,y
336,1995,LAC,9,8,0,y
337,1995,LAR,7,9,0,n
338,1995,LVR,8,8,0,n
339,1995,MIA,9,8,0,y
340,1995,MIN,8,8,0,n
341,1995,NYG,5,11,0,n
342,1995,NYJ,3,13,0,n
343,1995,NEP,6,10,0,n
344,1995,NOS,7,9,0,n
345,1995,PHL,11,7,0,y
346,1995,PIT,13,6,0,y
347,1995,SFF,11,6,0,y
348,1995,SEA,8,8,0,n
349,1995,TBB,7,9,0,n
350,1995,TEN,7,9,0,n
351,1995,WSH,6,10,0,n
352,1996,ARZ,7,9,0,n
353,1996,ATL,3,13,0,n
354,1996,BAL,4,12,0,n
355,1996,BUF,10,7,0,y
356,1996,CAR,13,5,0,y
357,1996,CHI,7,9,0,n
358,1996,CIN,8,8,0,n
359,1996,CLE,0,0,0,n
360,1996,DAL,11,7,0,y
361,1996,DEN,13,4,0,y
362,1996,DET,5,11,0,n
363,1996,GBP,16,3,0,y
364,1996,HOU,0,0,0,n
365,1996,IND,9,8,0,y
366,1996,JAX,11,8,0,y
367,1996,KCC,9,7,0,n
368,1996,LAC,8,8,0,n
369,1996,LAR,6,10,0,n
370,1996,LVR,7,9,0,n
371,1996,MIA,8,8,0,n
372,1996,MIN,9,8,0,y
373,1996,NYG,6,10,0,n
374,1996,NYJ,1,15,0,n
375,1996,NEP,13,6,0,y
376,1996,NOS,3,13,0,n
377,1996,PHL,10,7,0,y
378,1996,PIT,11,7,0,y
379,1996,SFF,13,5,0,y
380,1996,SEA,7,9,0,n
381,1996,TBB,6,10,0,n
382,1996,TEN,8,8,0,n
383,1996,WSH,9,7,0,n
384,1997,ARZ,4,12,0,n
385,1997,ATL,7,9,0,n
386,1997,BAL,7,9,0,n
387,1997,BUF,6,10,0,n
388,1997,CAR,7,9,0,n
389,1997,CHI,4,12,0,n
390,1997,CIN,7,9,0,n
391,1997,CLE,0,0,0,n
392,1997,DAL,6,10,0,n
393,1997,DEN,16,4,0,y
394,1997,DET,9,8,0,y
395,1997,GBP,15,4,0,y
396,1997,HOU,0,0,0,n
397,1997,IND,3,13,0,n
398,1997,JAX,11,6,0,y
399,1997,KCC,13,4,0,y
400,1997,LAC,4,12,0,n
401,1997,LAR,5,11,0,n
402,1997,LVR,4,12,0,n
403,1997,MIA,9,8,0,y
404,1997,MIN,10,8,0,y
405,1997,NYG,10,7,0,y
406,1997,NYJ,9,7,0,n
407,1997,NEP,11,7,0,y
408,1997,NOS,6,10,0,n
409,1997,PHL,6,10,0,n
410,1997,PIT,12,6,0,y
411,1997,SFF,14,4,0,y
412,1997,SEA,8,8,0,n
413,1997,TBB,11,7,0,y
414,1997,TEN,8,8,0,n
415,1997,WSH,9,7,0,n
416,1998,ARZ,10,8,0,y
417,1998,ATL,16,3,0,y
418,1998,BAL,6,10,0,n
419,1998,BUF,10,7,0,y
420,1998,CAR,4,12,0,n
421,1998,CHI,4,12,0,n
422,1998,CIN,3,13,0,n
423,1998,CLE,0,0,0,n
424,1998,DAL,10,7,0,y
425,1998,DEN,17,2,0,y
426,1998,DET,5,11,0,n
427,1998,GBP,11,6,0,y
428,1998,HOU,0,0,0,n
429,1998,IND,3,13,0,n
430,1998,JAX,12,6,0,y
431,1998,KCC,7,9,0,n
432,1998,LAC,5,11,0,n
433,1998,LAR,4,12,0,n
434,1998,LVR,8,8,0,n
435,1998,MIA,11,7,0,y
436,1998,MIN,16,2,0,y
437,1998,NYG,8,8,0,n
438,1998,NYJ,13,5,0,y
439,1998,NEP,9,8,0,y
440,1998,NOS,6,10,0,n
441,1998,PHL,3,13,0,n
442,1998,PIT,7,9,0,n
443,1998,SFF,13,5,0,y
444,1998,SEA,8,8,0,n
445,1998,TBB,8,8,0,n
446,1998,TEN,8,8,0,n
447,1998,WSH,6,10,0,n
448,1999,ARZ,6,10,0,n
449,1999,ATL,5,11,0,n
450,1999,BAL,8,8,0,n
451,1999,BUF,11,6,0,y
452,1999,CAR,8,8,0,n
453,1999,CHI,6,10,0,n
454,1999,CIN,4,12,0,n
455,1999,CLE,2,14,0,n
456,1999,DAL,8,9,0,y
457,1999,DEN,6,10,0,n
458,1999,DET,8,9,0,y
459,1999,GBP,8,8,0,n
460,1999,HOU,0,0,0,n
461,1999,IND,13,4,0,y
462,1999,JAX,15,3,0,y
463,1999,KCC,9,7,0,n
464,1999,LAC,8,8,0,n
465,1999,LAR,16,3,0,y
466,1999,LVR,8,8,0,n
467,1999,MIA,10,8,0,y
468,1999,MIN,11,7,0,y
469,1999,NYG,7,9,0,n
470,1999,NYJ,8,8,0,n
471,1999,NEP,8,8,0,n
472,1999,NOS,3,13,0,n
473,1999,PHL,5,11,0,n
474,1999,PIT,6,10,0,n
475,1999,SFF,4,12,0,n
476,1999,SEA,9,8,0,y
477,1999,TBB,12,6,0,y
478,1999,TEN,16,4,0,y
479,1999,WSH,11,7,0,y
480,2000,ARZ,3,13,0,n
481,2000,ATL,4,12,0,n
482,2000,BAL,16,4,0,y
483,2000,BUF,8,8,0,n
484,2000,CAR,7,9,0,n
485,2000,CHI,5,11,0,n
486,2000,CIN,4,12,0,n
487,2000,CLE,3,13,0,n
488,2000,DAL,5,11,0,n
489,2000,DEN,11,6,0,y
490,2000,DET,9,7,0,n
491,2000,GBP,9,7,0,n
492,2000,HOU,0,0,0,n
493,2000,IND,10,7,0,y
494,2000,JAX,7,9,0,n
495,2000,KCC,7,9,0,n
496,2000,LAC,1,15,0,n
497,2000,LAR,10,7,0,y
498,2000,LVR,13,5,0,y
499,2000,MIA,12,6,0,y
500,2000,MIN,12,6,0,y
501,2000,NYG,14,5,0,y
502,2000,NYJ,9,7,0,n
503,2000,NEP,5,11,0,n
504,2000,NOS,11,7,0,y
505,2000,PHL,12,6,0,y
506,2000,PIT,9,7,0,n
507,2000,SFF,6,10,0,n
508,2000,SEA,6,10,0,n
509,2000,TBB,10,7,0,y
510,2000,TEN,13,4,0,y
511,2000,WSH,8,8,0,n
512,2001,ARZ,7,9,0,n
513,2001,ATL,7,9,0,n
514,2001,BAL,11,7,0,y
515,2001,BUF,3,13,0,n
516,2001,CAR,1,15,0,n
517,2001,CHI,13,4,0,y
518,2001,CIN,6,10,0,n
519,2001,CLE,7,9,0,n
520,2001,DAL,5,11,0,n
521,2001,DEN,8,8,0,n
522,2001,DET,2,14,0,n
523,2001,GBP,13,5,0,y
524,2001,HOU,0,0,0,n
525,2001,IND,6,10,0,n
526,2001,JAX,6,10,0,n
527,2001,KCC,6,10,0,n
528,2001,LAC,5,11,0,n
529,2001,LAR,16,3,0,y
530,2001,LVR,11,7,0,y
531,2001,MIA,11,6,0,y
532,2001,MIN,5,11,0,n
533,2001,NYG,7,9,0,n
534,2001,NYJ,10,7,0,y
535,2001,NEP,14,5,0,y
536,2001,NOS,7,9,0,n
537,2001,PHL,13,6,0,y
538,2001,PIT,14,4,0,y
539,2001,SFF,12,5,0,y
540,2001,SEA,9,7,0,n
541,2001,TBB,9,8,0,y
542,2001,TEN,7,9,0,n
543,2001,WSH,8,8,0,n
544,2002,ARZ,5,11,0,n
545,2002,ATL,10,8,0,y
546,2002,BAL,7,9,0,n
547,2002,BUF,8,8,0,n
548,2002,CAR,7,9,0,n
549,2002,CHI,4,12,0,n
550,2002,CIN,2,14,0,n
551,2002,CLE,9,8,0,y
552,2002,DAL,5,11,0,n
553,2002,DEN,9,7,0,n
554,2002,DET,3,13,0,n
555,2002,GBP,12,5,0,y
556,2002,HOU,3,13,0,n
557,2002,IND,10,7,0,y
558,2002,JAX,6,10,0,n
559,2002,KCC,8,8,0,n
560,2002,LAC,8,8,0,n
561,2002,LAR,7,9,0,n
562,2002,LVR,13,6,0,y
563,2002,MIA,9,7,0,n
564,2002,MIN,6,10,0,n
565,2002,NYG,10,7,0,y
566,2002,NYJ,10,8,0,y
567,2002,NEP,9,7,0,n
568,2002,NOS,9,7,0,n
569,2002,PHL,13,5,0,y
570,2002,PIT,13,5,0,y
571,2002,SFF,11,7,0,y
572,2002,SEA,7,9,0,n
573,2002,TBB,15,4,0,y
574,2002,TEN,12,6,0,y
575,2002,WSH,7,9,0,n
576,2003,ARZ,4,12,0,n
577,2003,ATL,5,11,0,n
578,2003,BAL,10,7,0,y
579,2003,BUF,6,10,0,n
580,2003,CAR,14,6,0,y
581,2003,CHI,7,9,0,n
582,2003,CIN,8,8,0,n
583,2003,CLE,5,11,0,n
584,2003,DAL,10,7,0,y
585,2003,DEN,10,7,0,y
586,2003,DET,5,11,0,n
587,2003,GBP,11,7,0,y
588,2003,HOU,5,11,0,n
589,2003,IND,14,5,0,y
590,2003,JAX,5,11,0,n
591,2003,KCC,13,4,0,y
592,2003,LAC,4,12,0,n
593,2003,LAR,11,6,0,y
594,2003,LVR,4,12,0,n
595,2003,MIA,10,6,0,n
596,2003,MIN,9,7,0,n
597,2003,NYG,4,12,0,n
598,2003,NYJ,6,10,0,n
599,2003,NEP,17,2,0,y
600,2003,NOS,8,8,0,n
601,2003,PHL,13,5,0,y
602,2003,PIT,7,9,0,n
603,2003,SFF,7,9,0,n
604,2003,SEA,10,7,0,y
605,2003,TBB,7,9,0,n
606,2003,TEN,13,5,0,y
607,2003,WSH,5,11,0,n
608,2004,ARZ,6,10,0,n
609,2004,ATL,12,6,0,y
610,2004,BAL,10,6,0,n
611,2004,BUF,9,7,0,n
612,2004,CAR,7,9,0,n
613,2004,CHI,5,11,0,n
614,2004,CIN,9,7,0,n
615,2004,CLE,4,12,0,n
616,2004,DAL,6,10,0,n
617,2004,DEN,10,7,0,y
618,2004,DET,6,10,0,n
619,2004,GBP,10,7,0,y
620,2004,HOU,7,9,0,n
621,2004,IND,13,5,0,y
622,2004,JAX,9,7,0,n
623,2004,KCC,7,9,0,n
624,2004,LAC,12,5,0,y
625,2004,LAR,9,9,0,y
626,2004,LVR,5,11,0,n
627,2004,MIA,4,12,0,n
628,2004,MIN,9,9,0,y
629,2004,NYG,6,10,0,n
630,2004,NYJ,11,7,0,y
631,2004,NEP,17,2,0,y
632,2004,NOS,8,8,0,n
633,2004,PHL,15,4,0,y
634,2004,PIT,14,4,0,y
635,2004,SFF,2,14,0,n
636,2004,SEA,9,8,0,y
637,2004,TBB,5,11,0,n
638,2004,TEN,5,11,0,n
639,2004,WSH,6,10,0,n
640,2005,ARZ,5,11,0,n
641,2005,ATL,8,8,0,n
642,2005,BAL,6,10,0,n
643,2005,BUF,5,11,0,n
644,2005,CAR,13,6,0,y
645,2005,CHI,11,6,0,y
646,2005,CIN,11,6,0,y
647,2005,CLE,6,10,0,n
648,2005,DAL,9,7,0,n
649,2005,DEN,14,4,0,y
650,2005,DET,5,11,0,n
651,2005,GBP,4,12,0,n
652,2005,HOU,2,14,0,n
653,2005,IND,14,3,0,y
654,2005,JAX,11,6,0,y
655,2005,KCC,10,6,0,n
656,2005,LAC,9,7,0,n
657,2005,LAR,6,10,0,n
658,2005,LVR,4,12,0,n
659,2005,MIA,9,7,0,n
660,2005,MIN,9,7,0,n
661,2005,NYG,11,6,0,y
662,2005,NYJ,4,12,0,n
663,2005,NEP,11,7,0,y
664,2005,NOS,3,13,0,n
665,2005,PHL,6,10,0,n
666,2005,PIT,16,4,0,y
667,2005,SFF,4,12,0,n
668,2005,SEA,15,4,0,y
669,2005,TBB,11,6,0,y
670,2005,TEN,4,12,0,n
671,2005,WSH,11,7,0,y
672,2006,ARZ,5,11,0,n
673,2006,ATL,7,9,0,n
674,2006,BAL,13,4,0,y
675,2006,BUF,7,9,0,n
676,2006,CAR,8,8,0,n
677,2006,CHI,15,4,0,y
678,2006,CIN,8,8,0,n
679,2006,CLE,4,12,0,n
680,2006,DAL,9,8,0,y
681,2006,DEN,9,7,0,n
682,2006,DET,3,13,0,n
683,2006,GBP,8,8,0,n
684,2006,HOU,6,10,0,n
685,2006,IND,16,4,0,y
686,2006,JAX,8,8,0,n
687,2006,KCC,9,8,0,y
688,2006,LAC,14,3,0,y
689,2006,LAR,8,8,0,n
690,2006,LVR,2,14,0,n
691,2006,MIA,6,10,0,n
692,2006,MIN,6,10,0,n
693,2006,NYG,8,9,0,y
694,2006,NYJ,10,7,0,y
695,2006,NEP,14,5,0,y
696,2006,NOS,11,7,0,y
697,2006,PHL,11,7,0,y
698,2006,PIT,8,8,0,n
699,2006,SFF,7,9,0,n
700,2006,SEA,10,8,0,y
701,2006,TBB,4,12,0,n
702,2006,TEN,8,8,0,n
703,2006,WSH,5,11,0,n
704,2007,ARZ,8,8,0,n
705,2007,ATL,4,12,0,n
706,2007,BAL,5,11,0,n
707,2007,BUF,7,9,0,n
708,2007,CAR,7,9,0,n
709,2007,CHI,7,9,0,n
710,2007,CIN,7,9,0,n
711,2007,CLE,10,6,0,n
712,2007,DAL,13,4,0,y
713,2007,DEN,7,9,0,n
714,2007,DET,7,9,0,n
715,2007,GBP,14,4,0,y
716,2007,HOU,8,8,0,n
717,2007,IND,13,4,0,y
718,2007,JAX,11,7,0,y
719,2007,KCC,4,12,0,n
720,2007,LAC,13,6,0,y
721,2007,LAR,3,13,0,n
722,2007,LVR,4,12,0,n
723,2007,MIA,1,15,0,n
724,2007,MIN,8,8,0,n
725,2007,NYG,14,6,0,y
726,2007,NYJ,4,12,0,n
727,2007,NEP,18,1,0,y
728,2007,NOS,7,9,0,n
729,2007,PHL,8,8,0,n
730,2007,PIT,11,6,0,y
731,2007,SFF,5,11,0,n
732,2007,SEA,11,7,0,y
733,2007,TBB,9,8,0,y
734,2007,TEN,10,7,0,y
735,2007,WSH,9,8,0,y
736,2008,ARZ,12,8,0,y
737,2008,ATL,11,6,0,y
738,2008,BAL,13,6,0,y
739,2008,BUF,7,9,0,n
740,2008,CAR,12,5,0,y
741,2008,CHI,9,7,0,n
742,2008,CIN,4,12,0,n
743,2008,CLE,5,11,0,n
744,2008,DAL,9,7,0,n
745,2008,DEN,8,8,0,n
746,2008,DET,0,16,0,n
747,2008,GBP,6,10,0,n
748,2008,HOU,8,8,0,n
749,2008,IND,12,5,0,y
750,2008,JAX,5,11,0,n
751,2008,KCC,2,14,0,n
752,2008,LAC,9,9,0,y
753,2008,LAR,2,14,0,n
754,2008,LVR,5,11,0,n
755,2008,MIA,11,6,0,y
756,2008,MIN,10,7,0,y
757,2008,NYG,12,5,0,y
758,2008,NYJ,9,7,0,n
759,2008,NEP,11,5,0,n
760,2008,NOS,8,8,0,n
761,2008,PHL,12,7,0,y
762,2008,PIT,14,5,0,y
763,2008,SFF,7,9,0,n
764,2008,SEA,4,12,0,n
765,2008,TBB,9,7,0,n
766,2008,TEN,13,4,0,y
767,2008,WSH,8,8,0,n
768,2009,ARZ,11,7,0,y
769,2009,ATL,9,7,0,n
770,2009,BAL,10,8,0,y
771,2009,BUF,6,10,0,n
772,2009,CAR,8,8,0,n
773,2009,CHI,7,9,0,n
774,2009,CIN,10,7,0,y
775,2009,CLE,6,10,0,n
776,2009,DAL,12,6,0,y
777,2009,DEN,8,8,0,n
778,2009,DET,2,14,0,n
779,2009,GBP,11,6,0,y
780,2009,HOU,9,7,0,n
781,2009,IND,16,3,0,y
782,2009,JAX,7,9,0,n
783,2009,KCC,4,12,0,n
784,2009,LAC,13,4,0,y
785,2009,LAR,1,15,0,n
786,2009,LVR,5,11,0,n
787,2009,MIA,7,9,0,n
788,2009,MIN,14,4,0,y
789,2009,NYG,8,8,0,n
790,2009,NYJ,11,8,0,y
791,2009,NEP,10,7,0,y
792,2009,NOS,16,3,0,y
793,2009,PHL,11,6,0,y
794,2009,PIT,7,9,0,n
795,2009,SFF,8,8,0,n
796,2009,SEA,5,11,0,n
797,2009,TBB,3,13,0,n
798,2009,TEN,8,8,0,n
799,2009,WSH,4,12,0,n
800,2010,ARZ,5,11,0,n
801,2010,ATL,13,4,0,y
802,2010,BAL,13,5,0,y
803,2010,BUF,4,12,0,n
804,2010,CAR,2,14,0,n
805,2010,CHI,12,6,0,y
806,2010,CIN,4,12,0,n
807,2010,CLE,6,10,0,n
808,2010,DAL,6,10,0,n
809,2010,DEN,4,12,0,n
810,2010,DET,6,10,0,n
811,2010,GBP,13,7,0,y
812,2010,HOU,6,10,0,n
813,2010,IND,10,7,0,y
814,2010,JAX,8,8,0,n
815,2010,KCC,10,7,0,y
816,2010,LAC,9,7,0,n
817,2010,LAR,7,9,0,n
818,2010,LVR,8,8,0,n
819,2010,MIA,7,9,0,n
820,2010,MIN,6,10,0,n
821,2010,NYG,10,6,0,n
822,2010,NYJ,13,6,0,y
823,2010,NEP,13,4,0,y
824,2010,NOS,11,6,0,y
825,2010,PHL,10,7,0,y
826,2010,PIT,15,4,0,y
827,2010,SFF,6,10,0,n
828,2010,SEA,8,10,0,y
829,2010,TBB,10,6,0,n
830,2010,TEN,6,10,0,n
831,2010,WSH,6,10,0,n
832,2011,ARZ,8,8,0,n
833,2011,ATL,10,7,0,y
834,2011,BAL,13,5,0,y
835,2011,BUF,6,10,0,n
836,2011,CAR,6,10,0,n
837,2011,CHI,8,8,0,n
838,2011,CIN,10,7,0,y
839,2011,CLE,4,12,0,n
840,2011,DAL,8,8,0,n
841,2011,DEN,9,9,0,y
842,2011,DET,10,7,0,y
843,2011,GBP,15,2,0,y
844,2011,HOU,11,7,0,y
845,2011,IND,2,14,0,n
846,2011,JAX,5,11,0,n
847,2011,KCC,7,9,0,n
848,2011,LAC,8,8,0,n
849,2011,LAR,2,14,0,n
850,2011,LVR,8,8,0,n
851,2011,MIA,6,10,0,n
852,2011,MIN,3,13,0,n
853,2011,NYG,13,7,0,y
854,2011,NYJ,8,8,0,n
855,2011,NEP,15,4,0,y
856,2011,NOS,14,4,0,y
857,2011,PHL,8,8,0,n
858,2011,PIT,11,6,0,y
859,2011,SFF,14,4,0,y
860,2011,SEA,7,9,0,n
861,2011,TBB,4,12,0,n
862,2011,TEN,9,7,0,n
863,2011,WSH,5,11,0,n
864,2012,ARZ,5,11,0,n
865,2012,ATL,14,4,0,y
866,2012,BAL,14,6,0,y
867,2012,BUF,6,10,0,n
868,2012,CAR,7,9,0,n
869,2012,CHI,10,6,0,n
870,2012,CIN,10,7,0,y
871,2012,CLE,5,11,0,n
872,2012,DAL,8,8,0,n
873,2012,DEN,13,4,0,y
874,2012,DET,4,12,0,n
875,2012,GBP,12,6,0,y
876,2012,HOU,13,5,0,y
877,2012,IND,11,6,0,y
878,2012,JAX,2,14,0,n
879,2012,KCC,2,14,0,n
880,2012,LAC,7,9,0,n
881,2012,LAR,7,9,0,n
882,2012,LVR,4,12,0,n
883,2012,MIA,7,9,0,n
884,2012,MIN,10,7,0,y
885,2012,NYG,9,7,0,n
886,2012,NYJ,6,10,0,n
887,2012,NEP,13,5,0,y
888,2012,NOS,7,9,0,n
889,2012,PHL,4,12,0,n
890,2012,PIT,8,8,0,n
891,2012,SFF,14,5,0,y
892,2012,SEA,12,6,0,y
893,2012,TBB,7,9,0,n
894,2012,TEN,6,10,0,n
895,2012,WSH,10,7,0,y
896,2013,ARZ,10,6,0,n
897,2013,ATL,4,12,0,n
898,2013,BAL,8,8,0,n
899,2013,BUF,6,10,0,n
900,2013,CAR,12,5,0,y
901,2013,CHI,8,8,0,n
902,2013,CIN,12,5,0,y
903,2013,CLE,4,12,0,n
904,2013,DAL,8,8,0,n
905,2013,DEN,15,4,0,y
906,2013,DET,7,9,0,n
907,2013,GBP,8,9,0,y
908,2013,HOU,2,14,0,n
909,2013,IND,12,6,0,y
910,2013,JAX,4,12,0,n
911,2013,KCC,11,6,0,y
912,2013,LAC,10,8,0,y
913,2013,LAR,7,9,0,n
914,2013,LVR,4,12,0,n
915,2013,MIA,7,9,0,n
916,2013,MIN,6,10,0,n
917,2013,NYG,7,9,0,n
918,2013,NYJ,8,8,0,n
919,2013,NEP,13,5,0,y
920,2013,NOS,12,6,0,y
921,2013,PHL,10,7,0,y
922,2013,PIT,8,8,0,n
923,2013,SFF,14,5,0,y
924,2013,SEA,16,3,0,y
925,2013,TBB,4,12,0,n
926,2013,TEN,7,9,0,n
927,2013,WSH,3,13,0,n
928,2014,ARZ,11,6,0,y
929,2014,ATL,6,10,0,n
930,2014,BAL,11,7,0,y
931,2014,BUF,9,7,0,n
932,2014,CAR,8,10,0,y
933,2014,CHI,5,11,0,n
934,2014,CIN,12,5,0,y
935,2014,CLE,8,8,0,n
936,2014,DAL,13,5,0,y
937,2014,DEN,12,5,0,y
938,2014,DET,11,6,0,y
939,2014,GBP,13,5,0,y
940,2014,HOU,9,7,0,n
941,2014,IND,14,5,0,y
942,2014,JAX,3,13,0,n
943,2014,KCC,10,6,0,n
944,2014,LAC,9,7,0,n
945,2014,LAR,6,10,0,n
946,2014,LVR,3,13,0,n
947,2014,MIA,8,8,0,n
948,2014,MIN,7,9,0,n
949,2014,NYG,6,10,0,n
950,2014,NYJ,4,12,0,n
951,2014,NEP,15,4,0,y
952,2014,NOS,7,9,0,n
953,2014,PHL,10,6,0,n
954,2014,PIT,7,10,0,y
955,2014,SFF,8,8,0,n
956,2014,SEA,14,5,0,y
957,2014,TBB,2,14,0,n
958,2014,TEN,2,14,0,n
959,2014,WSH,4,12,0,n
960,2015,ARZ,14,4,0,y
961,2015,ATL,8,8,0,n
962,2015,BAL,5,11,0,n
963,2015,BUF,8,8,0,n
964,2015,CAR,17,2,0,y
965,2015,CHI,6,10,0,n
966,2015,CIN,12,5,0,y
967,2015,CLE,3,13,0,n
968,2015,DAL,4,12,0,n
969,2015,DEN,15,4,0,y
970,2015,DET,7,9,0,n
971,2015,GBP,11,7,0,y
972,2015,HOU,9,8,0,y
973,2015,IND,8,8,0,n
974,2015,JAX,5,11,0,n
975,2015,KCC,12,6,0,y
976,2015,LAC,4,12,0,n
977,2015,LAR,7,9,0,n
978,2015,LVR,8,8,0,n
979,2015,MIA,6,10,0,n
980,2015,MIN,11,6,0,y
981,2015,NYG,6,10,0,n
982,2015,NYJ,10,6,0,n
983,2015,NEP,13,5,0,y
984,2015,NOS,7,9,0,n
985,2015,PHL,7,9,0,n
986,2015,PIT,10,8,0,y
987,2015,SFF,5,11,0,n
988,2015,SEA,11,7,0,y
989,2015,TBB,6,10,0,n
990,2015,TEN,3,13,0,n
991,2015,WSH,9,8,0,y
992,2016,ARZ,7,9,0,n
993,2016,ATL,13,6,0,y
994,2016,BAL,8,8,0,n
995,2016,BUF,7,9,0,n
996,2016,CAR,6,10,0,n
997,2016,CHI,3,13,0,n
998,2016,CIN,6,10,0,n
999,2016,CLE,1,15,0,n
1000,2016,DAL,12,5,0,y
1001,2016,DEN,9,7,0,n
1002,2016,DET,9,8,0,y
1003,2016,GBP,12,7,0,y
1004,2016,HOU,10,8,0,y
1005,2016,IND,8,8,0,n
1006,2016,JAX,3,13,0,n
1007,2016,KCC,13,4,0,y
1008,2016,LAC,5,11,0,n
1009,2016,LAR,4,12,0,n
1010,2016,LVR,12,5,0,y
1011,2016,MIA,10,7,0,y
1012,2016,MIN,8,8,0,n
1013,2016,NYG,11,6,0,y
1014,2016,NYJ,5,11,0,n
1015,2016,NEP,17,2,0,y
1016,2016,NOS,7,9,0,n
1017,2016,PHL,7,9,0,n
1018,2016,PIT,13,6,0,y
1019,2016,SFF,2,14,0,n
1020,2016,SEA,12,6,0,y
1021,2016,TBB,9,7,0,n
1022,2016,TEN,9,7,0,n
1023,2016,WSH,9,7,0,n
1024,2017,ARZ,8,8,0,n
1025,2017,ATL,11,7,0,y
1026,2017,BAL,10,6,0,n
1027,2017,BUF,9,8,0,y
1028,2017,CAR,11,6,0,y
1029,2017,CHI,5,11,0,n
1030,2017,CIN,7,9,0,n
1031,2017,CLE,0,16,0,n
1032,2017,DAL,9,7,0,n
1033,2017,DEN,5,11,0,n
1034,2017,DET,9,7,0,n
1035,2017,GBP,7,9,0,n
1036,2017,HOU,4,12,0,n
1037,2017,IND,4,12,0,n
1038,2017,JAX,12,7,0,y
1039,2017,KCC,10,7,0,y
1040,2017,LAC,9,7,0,n
1041,2017,LAR,11,6,0,y
1042,2017,LVR,6,10,0,n
1043,2017,MIA,6,10,0,n
1044,2017,MIN,14,4,0,y
1045,2017,NYG,3,13,0,n
1046,2017,NYJ,5,11,0,n
1047,2017,NEP,15,4,0,y
1048,2017,NOS,12,6,0,y
1049,2017,PHL,16,3,0,y
1050,2017,PIT,12,5,0,y
1051,2017,SFF,6,10,0,n
1052,2017,SEA,9,7,0,n
1053,2017,TBB,5,11,0,n
1054,2017,TEN,10,8,0,y
1055,2017,WSH,7,9,0,n
1056,2018,ARZ,3,13,0,n
1057,2018,ATL,7,9,0,n
1058,2018,BAL,10,7,0,y
1059,2018,BUF,6,10,0,n
1060,2018,CAR,7,9,0,n
1061,2018,CHI,12,5,0,y
1062,2018,CIN,7,9,0,n
1063,2018,CLE,7,9,0,n
1064,2018,DAL,11,7,0,y
1065,2018,DEN,6,10,0,n
1066,2018,DET,6,10,0,n
1067,2018,GBP,6,10,0,n
1068,2018,HOU,11,6,0,y
1069,2018,IND,11,7,0,y
1070,2018,JAX,5,11,0,n
1071,2018,KCC,12,6,0,y
1072,2018,LAC,12,6,0,y
1073,2018,LAR,15,4,0,y
1074,2018,LVR,4,12,0,n
1075,2018,MIA,7,9,0,n
1076,2018,MIN,9,7,0,n
1077,2018,NYG,5,11,0,n
1078,2018,NYJ,4,12,0,n
1079,2018,NEP,14,5,0,y
1080,2018,NOS,14,4,0,y
1081,2018,PHL,10,8,0,y
1082,2018,PIT,11,5,0,n
1083,2018,SFF,4,12,0,n
1084,2018,SEA,10,7,0,y
1085,2018,TBB,5,11,0,n
1086,2018,TEN,9,7,0,n
1087,2018,WSH,7,9,0,n
1088,2019,ARZ,5,11,0,n
1089,2019,ATL,7,9,0,n
1090,2019,BAL,14,3,0,y
1091,2019,BUF,10,7,0,y
1092,2019,CAR,5,11,0,n
1093,2019,CHI,8,8,0,n
1094,2019,CIN,2,14,0,n
1095,2019,CLE,6,10,0,n
1096,2019,DAL,8,8,0,n
1097,2019,DEN,7,9,0,n
1098,2019,DET,4,12,0,n
1099,2019,GBP,14,4,0,y
1100,2019,HOU,11,7,0,y
1101,2019,IND,7,9,0,n
1102,2019,JAX,6,10,0,n
1103,2019,KCC,15,4,0,y
1104,2019,LAC,5,11,0,n
1105,2019,LAR,9,7,0,n
1106,2019,LVR,7,9,0,n
1107,2019,MIA,5,11,0,n
1108,2019,MIN,11,7,0,y
1109,2019,NYG,4,12,0,n
1110,2019,NYJ,7,9,0,n
1111,2019,NEP,12,5,0,y
1112,2019,NOS,13,4,0,y
1113,2019,PHL,9,8,0,y
1114,2019,PIT,8,8,0,n
1115,2019,SFF,15,4,0,y
1116,2019,SEA,12,6,0,y
1117,2019,TBB,7,9,0,n
1118,2019,TEN,11,8,0,y
1119,2019,WSH,3,13,0,n
1120,2020,ARZ,8,8,0,n
1121,2020,ATL,4,12,0,n
1122,2020,BAL,12,6,0,y
1123,2020,BUF,15,4,0,y
1124,2020,CAR,5,11,0,n
1125,2020,CHI,8,9,0,y
1126,2020,CIN,4,12,0,n
1127,2020,CLE,12,6,0,y
1128,2020,DAL,6,10,0,n
1129,2020,DEN,5,11,0,n
1130,2020,DET,5,11,0,n
1131,2020,GBP,14,4,0,y
1132,2020,HOU,4,12,0,n
1133,2020,IND,11,6,0,y
1134,2020,JAX,1,15,0,n
1135,2020,KCC,17,2,0,y
1136,2020,LAC,7,9,0,n
1137,2020,LAR,11,7,0,y
1138,2020,LVR,8,8,0,n
1139,2020,MIA,10,6,0,n
1140,2020,MIN,7,9,0,n
1141,2020,NYG,6,10,0,n
1142,2020,NYJ,2,14,0,n
1143,2020,NEP,7,9,0,n
1144,2020,NOS,13,5,0,y
1145,2020,PHL,5,11,0,n
1146,2020,PIT,12,5,0,y
1147,2020,SFF,6,10,0,n
1148,2020,SEA,12,5,0,y
1149,2020,TBB,14,6,0,y
1150,2020,TEN,11,6,0,y
1151,2020,WSH,7,10,0,y
1152,2021,ARZ,11,7,0,y
1153,2021,ATL,7,10,0,n
1154,2021,BAL,8,9,0,n
1155,2021,BUF,12,7,0,y
1156,2021,CAR,5,12,0,n
1157,2021,CHI,6,11,0,n
1158,2021,CIN,13,8,0,y
1159,2021,CLE,8,9,0,n
1160,2021,DAL,12,6,0,y
1161,2021,DEN,7,10,0,n
1162,2021,DET,3,14,0,n
1163,2021,GBP,13,5,0,y
1164,2021,HOU,4,13,0,n
1165,2021,IND,9,8,0,n
1166,2021,JAX,3,14,0,n
1167,2021,KCC,14,6,0,y
1168,2021,LAC,9,8,0,n
1169,2021,LAR,16,5,0,y
1170,2021,LVR,9,9,0,y
1171,2021,MIA,9,8,0,n
1172,2021,MIN,8,9,0,n
1173,2021,NYG,4,13,0,n
1174,2021,NYJ,4,13,0,n
1175,2021,NEP,10,8,0,y
1176,2021,NOS,9,8,0,n
1177,2021,PHL,9,9,0,y
1178,2021,PIT,10,8,0,y
1179,2021,SFF,12,8,0,y
1180,2021,SEA,7,10,0,n
1181,2021,TBB,14,5,0,y
1182,2021,TEN,13,5,0,y
1183,2021,WSH,7,10,0,n
1184,2022,ARZ,4,13,0,n
1185,2022,ATL,7,10,0,n
1186,2022,BAL,10,8,0,y
1187,2022,BUF,14,4,0,y
1188,2022,CAR,7,10,0,n
1189,2022,CHI,3,14,0,n
1190,2022,CIN,13,5,0,y
1191,2022,CLE,7,10,0,n
1192,2022,DAL,13,6,0,y
1193,2022,DEN,5,12,0,n
1194,2022,DET,9,8,0,n
1195,2022,GBP,8,9,0,n
1196,2022,HOU,3,13,1,n
1197,2022,IND,4,12,1,n
1198,2022,JAX,10,9,0,y
1199,2022,KCC,17,3,0,y
1200,2022,LAC,10,8,0,y
1201,2022,LAR,5,12,0,n
1202,2022,LVR,6,11,0,n
1203,2022,MIA,9,9,0,y
1204,2022,MIN,13,5,0,y
1205,2022,NYG,9,8,1,y
1206,2022,NYJ,7,10,0,n
1207,2022,NEP,7,10,0,n
1208,2022,NOS,7,10,0,n
1209,2022,PHL,16,4,0,y
1210,2022,PIT,10,7,0,n
1211,2022,SFF,15,5,0,y
1212,2022,SEA,9,9,0,y
1213,2022,TBB,8,9,0,n
1214,2022,TEN,7,10,0,n
1215,2022,WSH,8,7,1,n
1216,2023,ARZ,3,14,0,n
1217,2023,ATL,7,10,0,n
1218,2023,BAL,14,5,0,y
1219,2023,BUF,12,7,0,y
1220,2023,CAR,2,15,0,n
1221,2023,CHI,7,10,0,n
1222,2023,CIN,9,8,0,n
1223,2023,CLE,11,7,0,y
1224,2023,DAL,12,6,0,y
1225,2023,DEN,8,9,0,n
1226,2023,DET,14,6,0,y
1227,2023,GBP,10,9,0,y
1228,2023,HOU,11,8,0,y
1229,2023,IND,9,8,0,n
1230,2023,JAX,9,8,0,n
1231,2023,KCC,15,6,0,y
1232,2023,LAC,5,12,0,n
1233,2023,LAR,10,8,0,y
1234,2023,LVR,8,9,0,n
1235,2023,MIA,11,7,0,y
1236,2023,MIN,7,10,0,n
1237,2023,NYG,6,11,0,n
1238,2023,NYJ,7,10,0,n
1239,2023,NEP,4,13,0,n
1240,2023,NOS,9,8,0,n
1241,2023,PHL,11,7,0,y
1242,2023,PIT,11,7,0,y
1243,2023,SFF,14,6,0,y
1244,2023,SEA,9,8,0,n
1245,2023,TBB,10,9,0,y
1246,2023,TEN,6,11,0,n
1247,2023,WSH,4,13,0,n
